Year,Expt,Location,plot,rep,variety_num,variety,mngmt,management,weight_lbs,Percent_Moisture,Yield_bushels_acre,Yield_kg_hect,Test_weight_lbs_bu,Test_weight_kg_hL,seed_weight_250g,TKW_g,Height_in,Lodging,Stripe_Rust_DI,Stripe_Rust_DS,Stripe_Rust_DX,FHB_DI,FHB_DS,FHB_DX,DON_ppm,Lipps_Madden_1,Lipps_Madden_2
2016,16085,Arlington,107,1,1,Pro 200,1,Current,11.72,15.5,79.16,5323.51,57.8,72.25,7.5,30,44,1,NA,NA,NA,NA,NA,NA,NA,8,10
2016,16085,Arlington,225,2,1,Pro 200,1,Current,13.47,14.4,92.17,6198.4325,53,66.25,6.3,25.2,42,3,NA,NA,NA,NA,NA,NA,NA,9,10
2016,16085,Arlington,322,3,1,Pro 200,1,Current,11.16,15.3,75.56,5081.41,56.6,70.75,7.2,28.8,35,1,NA,NA,NA,NA,NA,NA,NA,8,8
2016,16085,Arlington,432,4,1,Pro 200,1,Current,12.12,14.5,82.83,5570.3175,55,68.75,7,28,36,1,NA,NA,NA,NA,NA,NA,NA,9,10
2016,16085,Arlington,116,1,1,Pro 200,2,MidLevel,13.29,15.4,89.87,6043.7575,58.7,73.375,7.4,29.6,40,1,NA,NA,NA,NA,NA,NA,NA,8,10
2016,16085,Arlington,206,2,1,Pro 200,2,MidLevel,12,14.5,82.01,5515.1725,59.6,74.5,7.8,31.2,39,1,NA,NA,NA,NA,NA,NA,NA,8,8
2016,16085,Arlington,334,3,1,Pro 200,2,MidLevel,13.95,15.5,94.22,6336.295,59.1,73.875,7.9,31.6,31,1,NA,NA,NA,NA,NA,NA,NA,2,8
2016,16085,Arlington,419,4,1,Pro 200,2,MidLevel,13.21,15.5,89.23,6000.7175,59.4,74.25,7.9,31.6,40,1,NA,NA,NA,NA,NA,NA,NA,8,8
2016,16085,Arlington,131,1,1,Pro 200,3,HighLevel,14.34,15.6,96.74,6505.765,58.4,73,8,32,39,1,NA,NA,NA,NA,NA,NA,NA,8,5
2016,16085,Arlington,229,2,1,Pro 200,3,HighLevel,17.57,16.1,117.83,7924.0675,60.3,75.375,8.2,32.8,40,2,NA,NA,NA,NA,NA,NA,NA,2,5
2016,16085,Arlington,314,3,1,Pro 200,3,HighLevel,16.21,14.9,110.27,7415.6575,58.5,73.125,7.6,30.4,45,4,NA,NA,NA,NA,NA,NA,NA,0,3
2016,16085,Arlington,404,4,1,Pro 200,3,HighLevel,16.58,15.5,111.99,7531.3275,56.1,70.125,7.6,30.4,42,5,NA,NA,NA,NA,NA,NA,NA,8,10
2016,16085,Arlington,102,1,2,Pro 240,1,Current,15.38,15.6,103.76,6977.86,55.6,69.5,8,32,39,1,NA,NA,NA,NA,NA,NA,NA,8,10
2016,16085,Arlington,221,2,2,Pro 240,1,Current,15.76,14.5,107.71,7243.4975,57.5,71.875,8.4,33.6,40,1,NA,NA,NA,NA,NA,NA,NA,0,2
2016,16085,Arlington,325,3,2,Pro 240,1,Current,16.06,14.9,109.25,7347.0625,55.1,68.875,7.6,30.4,38,1,NA,NA,NA,NA,NA,NA,NA,0,5
2016,16085,Arlington,442,4,2,Pro 240,1,Current,15.9,14.2,109.05,7333.6125,56.5,70.625,7.4,29.6,43,1,NA,NA,NA,NA,NA,NA,NA,2,5
2016,16085,Arlington,127,1,2,Pro 240,2,MidLevel,16.03,14.5,109.55,7367.2375,58.3,72.875,8.5,34,43,3,NA,NA,NA,NA,NA,NA,NA,2,8
2016,16085,Arlington,203,2,2,Pro 240,2,MidLevel,16.77,14.9,114.08,7671.88,56.3,70.375,8.4,33.6,44,4,NA,NA,NA,NA,NA,NA,NA,8,10
2016,16085,Arlington,329,3,2,Pro 240,2,MidLevel,16.48,15.3,111.58,7503.755,57.5,71.875,9.1,36.4,42,1,NA,NA,NA,NA,NA,NA,NA,8,5
2016,16085,Arlington,416,4,2,Pro 240,2,MidLevel,16.73,15.4,113.14,7608.665,57.4,71.75,8.5,34,40,3,NA,NA,NA,NA,NA,NA,NA,8,5
2016,16085,Arlington,137,1,2,Pro 240,3,HighLevel,17.73,14.9,120.61,8111.0225,56.6,70.75,8.1,32.4,39,1,NA,NA,NA,NA,NA,NA,NA,0,3
2016,16085,Arlington,240,2,2,Pro 240,3,HighLevel,18.46,14.9,125.57,8444.5825,58.6,73.25,9.3,37.2,40,3,NA,NA,NA,NA,NA,NA,NA,2,5
2016,16085,Arlington,304,3,2,Pro 240,3,HighLevel,19.22,14.8,130.9,8803.025,57,71.25,8.7,34.8,36,1,NA,NA,NA,NA,NA,NA,NA,8,10
2016,16085,Arlington,401,4,2,Pro 240,3,HighLevel,17.12,15.5,115.64,7776.79,57.7,72.125,8.6,34.4,45,1,NA,NA,NA,NA,NA,NA,NA,8,10
2016,16085,Arlington,103,1,3,Pro 260,1,Current,18.24,15.7,122.91,8265.6975,56.8,71,9.5,38,34,1,NA,NA,NA,NA,NA,NA,NA,2,3
2016,16085,Arlington,220,2,3,Pro 260,1,Current,18.2,14.7,124.09,8345.0525,58.2,72.75,9.9,39.6,35,1,NA,NA,NA,NA,NA,NA,NA,0,3
2016,16085,Arlington,321,3,3,Pro 260,1,Current,17.51,14.7,119.39,8028.9775,57.4,71.75,9.3,37.2,42,2,NA,NA,NA,NA,NA,NA,NA,2,3
2016,16085,Arlington,435,4,3,Pro 260,1,Current,16.62,14.5,113.59,7638.9275,57.5,71.875,8.9,35.6,38,1,NA,NA,NA,NA,NA,NA,NA,2,3
2016,16085,Arlington,122,1,3,Pro 260,2,MidLevel,19.17,16,128.72,8656.42,58.4,73,10.1,40.4,44,1,NA,NA,NA,NA,NA,NA,NA,8,10
2016,16085,Arlington,212,2,3,Pro 260,2,MidLevel,18.99,14.9,129.18,8687.355,58.6,73.25,10.2,40.8,43,1,NA,NA,NA,NA,NA,NA,NA,9,10
2016,16085,Arlington,337,3,3,Pro 260,2,MidLevel,19.08,15.3,129.18,8687.355,57.2,71.5,9.3,37.2,35,1,NA,NA,NA,NA,NA,NA,NA,2,8
2016,16085,Arlington,421,4,3,Pro 260,2,MidLevel,16.88,14.4,115.5,7767.375,57.9,72.375,10.1,40.4,40,2,NA,NA,NA,NA,NA,NA,NA,8,5
2016,16085,Arlington,130,1,3,Pro 260,3,HighLevel,20.95,15.3,141.84,9538.74,58,72.5,9.8,39.2,41,1,NA,NA,NA,NA,NA,NA,NA,8,8
2016,16085,Arlington,232,2,3,Pro 260,3,HighLevel,19.92,14.7,135.82,9133.895,54.9,68.625,9.9,39.6,38,2,NA,NA,NA,NA,NA,NA,NA,2,3
2016,16085,Arlington,310,3,3,Pro 260,3,HighLevel,19.94,15.1,135.32,9100.27,57.3,71.625,9.6,38.4,40,1,NA,NA,NA,NA,NA,NA,NA,2,5
2016,16085,Arlington,406,4,3,Pro 260,3,HighLevel,19.56,15.1,132.74,8926.765,58.5,73.125,10,40,44,1,NA,NA,NA,NA,NA,NA,NA,2,5
2016,16085,Arlington,110,1,4,Pro 320A,1,Current,15.4,15.4,104.14,7003.415,56,70,9.2,36.8,44,1,NA,NA,NA,NA,NA,NA,NA,8,8
2016,16085,Arlington,228,2,4,Pro 320A,1,Current,16.33,14.6,111.47,7496.3575,56.9,71.125,9.3,37.2,45,3,NA,NA,NA,NA,NA,NA,NA,8,10
2016,16085,Arlington,316,3,4,Pro 320A,1,Current,17.11,14.7,116.66,7845.385,54.5,68.125,8,32,42,3,NA,NA,NA,NA,NA,NA,NA,8,10
2016,16085,Arlington,437,4,4,Pro 320A,1,Current,17.72,15.5,119.69,8049.1525,56.9,71.125,9.3,37.2,41,3,NA,NA,NA,NA,NA,NA,NA,8,5
2016,16085,Arlington,123,1,4,Pro 320A,2,MidLevel,17.49,14.9,118.97,8000.7325,57.2,71.5,7.7,30.8,41,3,NA,NA,NA,NA,NA,NA,NA,8,10
2016,16085,Arlington,202,2,4,Pro 320A,2,MidLevel,18.1,14.7,123.41,8299.3225,55.8,69.75,7.9,31.6,41,1,NA,NA,NA,NA,NA,NA,NA,2,8
2016,16085,Arlington,338,3,4,Pro 320A,2,MidLevel,16.01,14.7,109.16,7341.01,54.2,67.75,8.6,34.4,38,1,NA,NA,NA,NA,NA,NA,NA,2,5
2016,16085,Arlington,415,4,4,Pro 320A,2,MidLevel,15.61,15.3,105.69,7107.6525,56.4,70.5,8.8,35.2,43,1,NA,NA,NA,NA,NA,NA,NA,8,8
2016,16085,Arlington,133,1,4,Pro 320A,3,HighLevel,16.33,14.9,111.08,7470.13,57.3,71.625,9.3,37.2,43,3,NA,NA,NA,NA,NA,NA,NA,8,10
2016,16085,Arlington,238,2,4,Pro 320A,3,HighLevel,17.54,14.8,119.45,8033.0125,55.7,69.625,8.3,33.2,38,1,NA,NA,NA,NA,NA,NA,NA,0,5
2016,16085,Arlington,312,3,4,Pro 320A,3,HighLevel,18.03,14.9,122.65,8248.2125,57.5,71.875,9.4,37.6,41,1,NA,NA,NA,NA,NA,NA,NA,2,5
2016,16085,Arlington,407,4,4,Pro 320A,3,HighLevel,16.37,14.5,111.88,7523.93,56.1,70.125,8,32,38,4,NA,NA,NA,NA,NA,NA,NA,2,5
2016,16085,Arlington,109,1,5,Pro 380,1,Current,18.65,16.9,123.88,8330.93,60.2,75.25,7,28,42,1,NA,NA,NA,NA,NA,NA,NA,8,5
2016,16085,Arlington,224,2,5,Pro 380,1,Current,18.19,16,122.14,8213.915,58.9,73.625,7.1,28.4,44,3,NA,NA,NA,NA,NA,NA,NA,2,3
2016,16085,Arlington,328,3,5,Pro 380,1,Current,17.16,15.8,115.49,7766.7025,60.4,75.5,7.2,28.8,39,1,NA,NA,NA,NA,NA,NA,NA,8,10
2016,16085,Arlington,433,4,5,Pro 380,1,Current,17.5,16,117.5,7901.875,61.1,76.375,7.5,30,43,2,NA,NA,NA,NA,NA,NA,NA,2,10
2016,16085,Arlington,121,1,5,Pro 380,2,MidLevel,16.14,16.1,108.24,7279.14,60.8,76,7.3,29.2,37,1,NA,NA,NA,NA,NA,NA,NA,2,5
2016,16085,Arlington,204,2,5,Pro 380,2,MidLevel,17,15.6,114.69,7712.9025,61.7,77.125,7.3,29.2,43,1,NA,NA,NA,NA,NA,NA,NA,8,8
2016,16085,Arlington,335,3,5,Pro 380,2,MidLevel,17.48,16,117.37,7893.1325,60.1,75.125,7.2,28.8,39,3,NA,NA,NA,NA,NA,NA,NA,2,3
2016,16085,Arlington,428,4,5,Pro 380,2,MidLevel,17.5,15.8,117.78,7920.705,60.4,75.5,7.7,30.8,32,1,NA,NA,NA,NA,NA,NA,NA,2,10
2016,16085,Arlington,134,1,5,Pro 380,3,HighLevel,18.4,13.4,127.37,8565.6325,61.3,76.625,8.6,34.4,39,1,NA,NA,NA,NA,NA,NA,NA,2,3
2016,16085,Arlington,242,2,5,Pro 380,3,HighLevel,17.75,15.7,119.61,8043.7725,61.1,76.375,7.6,30.4,42,2,NA,NA,NA,NA,NA,NA,NA,0,3
2016,16085,Arlington,306,3,5,Pro 380,3,HighLevel,18.2,16.2,121.91,8198.4475,61.8,77.25,7.2,28.8,36,1,NA,NA,NA,NA,NA,NA,NA,2,5
2016,16085,Arlington,402,4,5,Pro 380,3,HighLevel,19.34,16.9,128.47,8639.6075,60.9,76.125,7.3,29.2,37,1,NA,NA,NA,NA,NA,NA,NA,8,3
2016,16085,Arlington,101,1,6,Pro 410,1,Current,17.11,17.2,113.24,7615.39,57.5,71.875,10.6,42.4,40,1,NA,NA,NA,NA,NA,NA,NA,2,8
2016,16085,Arlington,218,2,6,Pro 410,1,Current,18.49,15.8,124.45,8369.2625,57.3,71.625,9.1,36.4,43,3,NA,NA,NA,NA,NA,NA,NA,2,5
2016,16085,Arlington,319,3,6,Pro 410,1,Current,20.03,16.2,134.17,9022.9325,58.6,73.25,10.3,41.2,42,2,NA,NA,NA,NA,NA,NA,NA,2,3
2016,16085,Arlington,438,4,6,Pro 410,1,Current,19.86,16,133.35,8967.7875,56.9,71.125,9.6,38.4,43,2,NA,NA,NA,NA,NA,NA,NA,2,5
2016,16085,Arlington,115,1,6,Pro 410,2,MidLevel,21.96,17.5,144.82,9739.145,58.9,73.625,11.2,44.8,32,1,NA,NA,NA,NA,NA,NA,NA,2,8
2016,16085,Arlington,208,2,6,Pro 410,2,MidLevel,21.31,17.2,141.04,9484.94,59.5,74.375,11,44,40,1,NA,NA,NA,NA,NA,NA,NA,8,8
2016,16085,Arlington,340,3,6,Pro 410,2,MidLevel,20.66,16.3,138.23,9295.9675,58.9,73.625,10.3,41.2,45,2,NA,NA,NA,NA,NA,NA,NA,8,8
2016,16085,Arlington,420,4,6,Pro 410,2,MidLevel,18.07,15.5,122.05,8207.8625,59.5,74.375,11,44,40,1,NA,NA,NA,NA,NA,NA,NA,2,3
2016,16085,Arlington,139,1,6,Pro 410,3,HighLevel,21.55,16.4,144.01,9684.6725,60.3,75.375,10.9,43.6,37,1,NA,NA,NA,NA,NA,NA,NA,2,5
2016,16085,Arlington,237,2,6,Pro 410,3,HighLevel,23.99,16.6,159.93,10755.2925,59.5,74.375,11.5,46,45,3,NA,NA,NA,NA,NA,NA,NA,8,10
2016,16085,Arlington,309,3,6,Pro 410,3,HighLevel,23.56,16.4,157.44,10587.84,57.8,72.25,10.4,41.6,41,3,NA,NA,NA,NA,NA,NA,NA,8,10
2016,16085,Arlington,411,4,6,Pro 410,3,HighLevel,20.34,16.3,136.08,9151.38,58.2,72.75,10.4,41.6,40,1,NA,NA,NA,NA,NA,NA,NA,2,5
2016,16085,Arlington,113,1,7,Pro 420,1,Current,15.99,15.2,108.39,7289.2275,59.9,74.875,7.9,31.6,37,2,NA,NA,NA,NA,NA,NA,NA,2,5
2016,16085,Arlington,226,2,7,Pro 420,1,Current,14.35,15.3,97.16,6534.01,58.3,72.875,8.4,33.6,41,3,NA,NA,NA,NA,NA,NA,NA,8,10
2016,16085,Arlington,327,3,7,Pro 420,1,Current,15.61,15.3,105.69,7107.6525,59,73.75,8.6,34.4,41,1,NA,NA,NA,NA,NA,NA,NA,8,5
2016,16085,Arlington,439,4,7,Pro 420,1,Current,14.48,15,98.38,6616.055,55.5,69.375,5.4,21.6,38,1,NA,NA,NA,NA,NA,NA,NA,8,10
2016,16085,Arlington,118,1,7,Pro 420,2,MidLevel,14.82,15.6,99.98,6723.655,60.1,75.125,8.8,35.2,43,1,NA,NA,NA,NA,NA,NA,NA,9,10
2016,16085,Arlington,211,2,7,Pro 420,2,MidLevel,16.09,15.1,109.19,7343.0275,58.5,73.125,8.4,33.6,37,1,NA,NA,NA,NA,NA,NA,NA,2,3
2016,16085,Arlington,342,3,7,Pro 420,2,MidLevel,15.1,15.2,102.35,6883.0375,58.4,73,9,36,38,1,NA,NA,NA,NA,NA,NA,NA,8,10
2016,16085,Arlington,426,4,7,Pro 420,2,MidLevel,16.9,15.2,114.55,7703.4875,58.8,73.5,9.1,36.4,38,1,NA,NA,NA,NA,NA,NA,NA,8,10
2016,16085,Arlington,142,1,7,Pro 420,3,HighLevel,18.59,15.2,126.01,8474.1725,59.1,73.875,8.9,35.6,43,3,NA,NA,NA,NA,NA,NA,NA,8,10
2016,16085,Arlington,236,2,7,Pro 420,3,HighLevel,17.66,16.2,118.29,7955.0025,59.4,74.25,9.4,37.6,40,1,NA,NA,NA,NA,NA,NA,NA,0,3
2016,16085,Arlington,305,3,7,Pro 420,3,HighLevel,17.49,15.5,118.13,7944.2425,59.3,74.125,10,40,45,1,NA,NA,NA,NA,NA,NA,NA,8,10
2016,16085,Arlington,413,4,7,Pro 420,3,HighLevel,17.27,15.4,116.79,7854.1275,59.6,74.5,9.9,39.6,38,1,NA,NA,NA,NA,NA,NA,NA,2,8
2016,16085,Arlington,114,1,8,Kaskaskia,1,Current,14.93,15.5,100.84,6781.49,59.1,73.875,8.3,33.2,38,1,NA,NA,NA,NA,NA,NA,NA,2,5
2016,16085,Arlington,219,2,8,Kaskaskia,1,Current,15.48,15.5,104.56,7031.66,59.5,74.375,8.4,33.6,39,1,NA,NA,NA,NA,NA,NA,NA,2,5
2016,16085,Arlington,323,3,8,Kaskaskia,1,Current,15.58,15.6,105.11,7068.6475,57.7,72.125,7.7,30.8,44,3,NA,NA,NA,NA,NA,NA,NA,8,5
2016,16085,Arlington,429,4,8,Kaskaskia,1,Current,15,16.1,100.6,6765.35,58.9,73.625,8.8,35.2,43,4,NA,NA,NA,NA,NA,NA,NA,8,10
2016,16085,Arlington,120,1,8,Kaskaskia,2,MidLevel,16.13,15.2,109.34,7353.115,59.6,74.5,9,36,39,2,NA,NA,NA,NA,NA,NA,NA,2,5
2016,16085,Arlington,214,2,8,Kaskaskia,2,MidLevel,16.7,15.1,113.33,7621.4425,59.9,74.875,8.5,34,35,1,NA,NA,NA,NA,NA,NA,NA,8,10
2016,16085,Arlington,339,3,8,Kaskaskia,2,MidLevel,16.31,15.8,109.77,7382.0325,58.9,73.625,8.2,32.8,40,3,NA,NA,NA,NA,NA,NA,NA,8,8
2016,16085,Arlington,425,4,8,Kaskaskia,2,MidLevel,15.81,15.5,106.79,7181.6275,58.3,72.875,8,32,43,4,NA,NA,NA,NA,NA,NA,NA,2,5
2016,16085,Arlington,132,1,8,Kaskaskia,3,HighLevel,18.77,15.8,126.33,8495.6925,61.3,76.625,8.5,34,41,3,NA,NA,NA,NA,NA,NA,NA,8,10
2016,16085,Arlington,241,2,8,Kaskaskia,3,HighLevel,18.85,15.4,127.47,8572.3575,61.5,76.875,8.4,33.6,39,1,NA,NA,NA,NA,NA,NA,NA,8,8
2016,16085,Arlington,301,3,8,Kaskaskia,3,HighLevel,18.13,16.4,121.15,8147.3375,59.8,74.75,8.5,34,47,2,NA,NA,NA,NA,NA,NA,NA,2,5
2016,16085,Arlington,414,4,8,Kaskaskia,3,HighLevel,16,15,108.71,7310.7475,59.9,74.875,8.2,32.8,33,1,NA,NA,NA,NA,NA,NA,NA,0,5
2016,16085,Arlington,106,1,9,Red Devil,1,Current,17.88,15.2,121.2,8150.7,57.8,72.25,7.1,28.4,44,1,NA,NA,NA,NA,NA,NA,NA,2,5
2016,16085,Arlington,222,2,9,Red Devil,1,Current,17.8,16.2,119.23,8018.2175,57.3,71.625,7.8,31.2,42,2,NA,NA,NA,NA,NA,NA,NA,2,5
2016,16085,Arlington,324,3,9,Red Devil,1,Current,17.78,15.2,120.52,8104.97,55,68.75,6.6,26.4,38,1,NA,NA,NA,NA,NA,NA,NA,2,3
2016,16085,Arlington,441,4,9,Red Devil,1,Current,17.53,15.1,118.97,8000.7325,58.3,72.875,7,28,35,1,NA,NA,NA,NA,NA,NA,NA,0,3
2016,16085,Arlington,126,1,9,Red Devil,2,MidLevel,19.74,15.5,133.33,8966.4425,59.3,74.125,8,32,43,1,NA,NA,NA,NA,NA,NA,NA,8,10
2016,16085,Arlington,205,2,9,Red Devil,2,MidLevel,20.53,15.5,138.67,9325.5575,59.5,74.375,8.1,32.4,42,1,NA,NA,NA,NA,NA,NA,NA,2,3
2016,16085,Arlington,331,3,9,Red Devil,2,MidLevel,20.64,15.7,139.08,9353.13,58.6,73.25,7.9,31.6,42,1,NA,NA,NA,NA,NA,NA,NA,8,8
2016,16085,Arlington,418,4,9,Red Devil,2,MidLevel,17.62,15.4,119.15,8012.8375,57.7,72.125,7.2,28.8,41,1,NA,NA,NA,NA,NA,NA,NA,0,3
2016,16085,Arlington,129,1,9,Red Devil,3,HighLevel,21.2,16.4,141.67,9527.3075,59.4,74.25,8,32,34,1,NA,NA,NA,NA,NA,NA,NA,2,8
2016,16085,Arlington,234,2,9,Red Devil,3,HighLevel,21.72,15.3,147.05,9889.1125,59.8,74.75,7.8,31.2,38,3,NA,NA,NA,NA,NA,NA,NA,2,5
2016,16085,Arlington,311,3,9,Red Devil,3,HighLevel,22.55,15.5,152.31,10242.8475,58.3,72.875,7.6,30.4,36,1,NA,NA,NA,NA,NA,NA,NA,8,10
2016,16085,Arlington,412,4,9,Red Devil,3,HighLevel,19.05,15.4,128.82,8663.145,58.5,73.125,7.7,30.8,43,1,NA,NA,NA,NA,NA,NA,NA,8,10
2016,16085,Arlington,108,1,10,PR25R40,1,Current,20.4,16.9,135.51,9113.0475,58,72.5,10,40,42,1,NA,NA,NA,NA,NA,NA,NA,2,5
2016,16085,Arlington,227,2,10,PR25R40,1,Current,20.78,15.1,141.02,9483.595,59.2,74,9.7,38.8,40,2,NA,NA,NA,NA,NA,NA,NA,8,8
2016,16085,Arlington,326,3,10,PR25R40,1,Current,19.15,15.5,129.35,8698.7875,58.2,72.75,9.7,38.8,39,1,NA,NA,NA,NA,NA,NA,NA,8,3
2016,16085,Arlington,430,4,10,PR25R40,1,Current,20.43,16,137.18,9225.355,58.1,72.625,10.3,41.2,34,1,NA,NA,NA,NA,NA,NA,NA,2,3
2016,16085,Arlington,124,1,10,PR25R40,2,MidLevel,21.95,16.1,147.21,9899.8725,59.1,73.875,10.2,40.8,42,1,NA,NA,NA,NA,NA,NA,NA,8,10
2016,16085,Arlington,207,2,10,PR25R40,2,MidLevel,22.52,15.3,152.47,10253.6075,59.2,74,10.2,40.8,39,1,NA,NA,NA,NA,NA,NA,NA,2,5
2016,16085,Arlington,341,3,10,PR25R40,2,MidLevel,20.06,15.5,135.49,9111.7025,59.1,73.875,9.7,38.8,37,1,NA,NA,NA,NA,NA,NA,NA,2,5
2016,16085,Arlington,424,4,10,PR25R40,2,MidLevel,19.27,15.4,130.31,8763.3475,58.1,72.625,9.6,38.4,40,1,NA,NA,NA,NA,NA,NA,NA,8,8
2016,16085,Arlington,135,1,10,PR25R40,3,HighLevel,22.02,15.3,149.08,10025.63,59.3,74.125,9.9,39.6,40,1,NA,NA,NA,NA,NA,NA,NA,8,10
2016,16085,Arlington,230,2,10,PR25R40,3,HighLevel,22.52,16.1,151.03,10156.7675,59.6,74.5,10.1,40.4,40,3,NA,NA,NA,NA,NA,NA,NA,8,8
2016,16085,Arlington,308,3,10,PR25R40,3,HighLevel,23.35,16.4,156.04,10493.69,58.9,73.625,10.4,41.6,39,1,NA,NA,NA,NA,NA,NA,NA,2,8
2016,16085,Arlington,410,4,10,PR25R40,3,HighLevel,20.52,15.7,138.27,9298.6575,57.7,72.125,9.8,39.2,37,1,NA,NA,NA,NA,NA,NA,NA,2,3
2016,16085,Arlington,112,1,11,KF 15241,1,Current,15.52,15.9,104.33,7016.1925,57.9,72.375,7.4,32,38,2,NA,NA,NA,NA,NA,NA,NA,8,5
2016,16085,Arlington,217,2,11,KF 15241,1,Current,15.28,15.4,103.33,6948.9425,55.2,69,6.8,27.2,44,3,NA,NA,NA,NA,NA,NA,NA,8,10
2016,16085,Arlington,320,3,11,KF 15241,1,Current,15.61,15.3,105.69,7107.6525,57.6,72,7.2,28.8,41,4,NA,NA,NA,NA,NA,NA,NA,8,8
2016,16085,Arlington,440,4,11,KF 15241,1,Current,14.59,15.1,99.01,6658.4225,57.7,72.125,8,32,41,1,NA,NA,NA,NA,NA,NA,NA,8,10
2016,16085,Arlington,125,1,11,KF 15241,2,MidLevel,15.79,15.7,106.4,7155.4,59.5,74.375,7.5,30,39,3,NA,NA,NA,NA,NA,NA,NA,2,2
2016,16085,Arlington,201,2,11,KF 15241,2,MidLevel,17.45,16.6,116.33,7823.1925,58.7,73.375,8.1,32.4,35,1,NA,NA,NA,NA,NA,NA,NA,8,10
2016,16085,Arlington,333,3,11,KF 15241,2,MidLevel,16.59,15.4,112.19,7544.7775,58.3,72.875,8,32,35,1,NA,NA,NA,NA,NA,NA,NA,2,5
2016,16085,Arlington,417,4,11,KF 15241,2,MidLevel,14.83,15.6,100.05,6728.3625,56.4,70.5,6.7,26.8,41,1,NA,NA,NA,NA,NA,NA,NA,9,10
2016,16085,Arlington,140,1,11,KF 15241,3,HighLevel,18.59,15.6,125.42,8434.495,58.9,73.625,8.2,32.8,40,1,NA,NA,NA,NA,NA,NA,NA,8,10
2016,16085,Arlington,235,2,11,KF 15241,3,HighLevel,15.95,15,108.37,7287.8825,58.5,73.125,7.6,30.4,42,1,NA,NA,NA,NA,NA,NA,NA,0,5
2016,16085,Arlington,313,3,11,KF 15241,3,HighLevel,18.4,15.4,124.43,8367.9175,59.6,74.5,8.2,32.8,41,2,NA,NA,NA,NA,NA,NA,NA,2,3
2016,16085,Arlington,409,4,11,KF 15241,3,HighLevel,19.44,16.3,130.06,8746.535,57.7,72.125,8.3,33.2,39,2,NA,NA,NA,NA,NA,NA,NA,8,8
2016,16085,Arlington,104,1,12,735,1,Current,18.3,15.7,123.31,8292.5975,57.4,71.75,7.4,29.6,38,1,NA,NA,NA,NA,NA,NA,NA,2,3
2016,16085,Arlington,223,2,12,735,1,Current,18.33,15.4,123.95,8335.6375,57.3,71.625,7.6,30.4,38,3,NA,NA,NA,NA,NA,NA,NA,2,3
2016,16085,Arlington,315,3,12,735,1,Current,17.89,15.5,120.84,8126.49,56.5,70.625,7.9,31.6,40,3,NA,NA,NA,NA,NA,NA,NA,0,3
2016,16085,Arlington,436,4,12,735,1,Current,18.69,15.4,126.39,8499.7275,56.1,70.125,8.5,34,39,1,NA,NA,NA,NA,NA,NA,NA,2,8
2016,16085,Arlington,117,1,12,735,2,MidLevel,20.15,15.6,135.94,9141.965,57.4,71.75,8.1,32.4,39,1,NA,NA,NA,NA,NA,NA,NA,2,3
2016,16085,Arlington,209,2,12,735,2,MidLevel,21.12,15.8,142.15,9559.5875,58.2,72.75,7.9,31.6,36,1,NA,NA,NA,NA,NA,NA,NA,8,10
2016,16085,Arlington,330,3,12,735,2,MidLevel,20.93,15.7,141.04,9484.94,57,71.25,7.9,31.6,39,1,NA,NA,NA,NA,NA,NA,NA,2,5
2016,16085,Arlington,423,4,12,735,2,MidLevel,19.68,15.8,132.46,8907.935,57.4,71.75,8.4,33.6,33,1,NA,NA,NA,NA,NA,NA,NA,2,5
2016,16085,Arlington,141,1,12,735,3,HighLevel,23.87,15.2,161.8,10881.05,58.4,73,8.7,34.8,42,1,NA,NA,NA,NA,NA,NA,NA,2,10
2016,16085,Arlington,239,2,12,735,3,HighLevel,23.38,15.3,158.29,10645.0025,56.9,71.125,8.3,33.2,44,1,NA,NA,NA,NA,NA,NA,NA,8,10
2016,16085,Arlington,307,3,12,735,3,HighLevel,22.91,15.1,155.48,10456.03,58.6,73.25,8.2,32.8,44,1,NA,NA,NA,NA,NA,NA,NA,2,10
2016,16085,Arlington,405,4,12,735,3,HighLevel,20.99,15.2,142.28,9568.33,56.9,71.125,8.5,34,35,1,NA,NA,NA,NA,NA,NA,NA,2,5
2016,16085,Arlington,111,1,13,776,1,Current,15.58,15.8,104.86,7051.835,55.8,69.75,6.9,27.6,36,1,NA,NA,NA,NA,NA,NA,NA,2,2
2016,16085,Arlington,216,2,13,776,1,Current,15.68,15.4,106.03,7130.5175,53.5,66.875,6.5,26,39,1,NA,NA,NA,NA,NA,NA,NA,8,5
2016,16085,Arlington,317,3,13,776,1,Current,16.93,15.6,114.22,7681.295,54.6,68.25,7.5,30,45,2,NA,NA,NA,NA,NA,NA,NA,8,10
2016,16085,Arlington,431,4,13,776,1,Current,17.23,15.4,116.52,7835.97,53.9,67.375,7.2,28.8,45,1,NA,NA,NA,NA,NA,NA,NA,8,10
2016,16085,Arlington,119,1,13,776,2,MidLevel,17.06,15.9,114.68,7712.23,56.8,71,7.8,31.2,40,1,NA,NA,NA,NA,NA,NA,NA,8,10
2016,16085,Arlington,213,2,13,776,2,MidLevel,19.29,15.6,130.14,8751.915,58.3,72.875,7.8,31.2,41,3,NA,NA,NA,NA,NA,NA,NA,8,10
2016,16085,Arlington,336,3,13,776,2,MidLevel,18.99,16.5,126.75,8523.9375,56.8,71,8.5,34,39,1,NA,NA,NA,NA,NA,NA,NA,8,10
2016,16085,Arlington,422,4,13,776,2,MidLevel,19.09,16.3,127.72,8589.17,56.8,71,8.3,33.2,43,1,NA,NA,NA,NA,NA,NA,NA,8,10
2016,16085,Arlington,136,1,13,776,3,HighLevel,21.11,17,140.05,9418.3625,58,72.5,9,36,39,1,NA,NA,NA,NA,NA,NA,NA,8,10
2016,16085,Arlington,231,2,13,776,3,HighLevel,22.27,16.4,148.82,10008.145,57.3,71.625,8.7,34.8,43,4,NA,NA,NA,NA,NA,NA,NA,2,10
2016,16085,Arlington,303,3,13,776,3,HighLevel,22.31,16.3,149.26,10037.735,57.8,72.25,8.8,35.2,40,2,NA,NA,NA,NA,NA,NA,NA,2,5
2016,16085,Arlington,403,4,13,776,3,HighLevel,20.55,16.1,137.82,9268.395,56.8,71,8.9,35.6,39,1,NA,NA,NA,NA,NA,NA,NA,2,3
2016,16085,Arlington,105,1,14,SY 547,1,Current,18.58,16.3,124.31,8359.8475,58.3,72.875,9.1,36.4,37,1,NA,NA,NA,NA,NA,NA,NA,8,10
2016,16085,Arlington,215,2,14,SY 547,1,Current,18.96,16.6,126.4,8500.4,58,72.5,9.4,37.6,42,4,NA,NA,NA,NA,NA,NA,NA,9,10
2016,16085,Arlington,318,3,14,SY 547,1,Current,19.68,15.7,132.61,8918.0225,56.2,70.25,8.9,35.6,37,1,NA,NA,NA,NA,NA,NA,NA,2,3
2016,16085,Arlington,434,4,14,SY 547,1,Current,19.65,15.5,132.72,8925.42,58.7,73.375,9.1,36.4,43,1,NA,NA,NA,NA,NA,NA,NA,8,10
2016,16085,Arlington,128,1,14,SY 547,2,MidLevel,17.67,15.4,119.49,8035.7025,58.5,73.125,9.7,38.8,41,4,NA,NA,NA,NA,NA,NA,NA,2,5
2016,16085,Arlington,210,2,14,SY 547,2,MidLevel,20.19,15.5,136.37,9170.8825,58.1,72.625,9.1,36.4,39,1,NA,NA,NA,NA,NA,NA,NA,2,5
2016,16085,Arlington,332,3,14,SY 547,2,MidLevel,19.44,15.9,130.68,8788.23,57.4,71.75,9,36,38,1,NA,NA,NA,NA,NA,NA,NA,8,10
2016,16085,Arlington,427,4,14,SY 547,2,MidLevel,19.31,15.6,130.27,8760.6575,58.7,73.375,9.7,38.8,45,3,NA,NA,NA,NA,NA,NA,NA,8,10
2016,16085,Arlington,138,1,14,SY 547,3,HighLevel,20.45,15.9,137.47,9244.8575,58.7,73.375,9,36,36,1,NA,NA,NA,NA,NA,NA,NA,2,3
2016,16085,Arlington,233,2,14,SY 547,3,HighLevel,21.05,15.9,141.51,9516.5475,59,73.75,9.7,38.8,38,1,NA,NA,NA,NA,NA,NA,NA,8,5
2016,16085,Arlington,302,3,14,SY 547,3,HighLevel,21.46,15.9,144.26,9701.485,57.3,71.625,9.3,37.2,44,2,NA,NA,NA,NA,NA,NA,NA,2,8
2016,16085,Arlington,408,4,14,SY 547,3,HighLevel,19.24,16.3,128.72,8656.42,57.9,72.375,9.8,39.2,41,1,NA,NA,NA,NA,NA,NA,NA,2,3
2017,17085,Arlington,122,1,1,Pro 200,1,Current,13.53,13.6,93.44,6283.84,55.5,69.375,9.4,37.6,43,1,25,7,1.75,0,0,0,NA,NA,NA
2017,17085,Arlington,226,2,1,Pro 200,1,Current,10.87,13.2,75.42,5071.995,54,67.5,8.9,35.6,40,1,100,25,25,0,0,0,NA,NA,NA
2017,17085,Arlington,332,3,1,Pro 200,1,Current,10.79,13,75.04,5046.44,55.9,69.875,8.6,34.4,44,1,95,30,28.5,1,1,0.01,NA,NA,NA
2017,17085,Arlington,410,4,1,Pro 200,1,Current,12.87,12.8,89.71,6032.9975,57.2,71.5,8.5,34,45,1,100,15,15,0,0,0,NA,NA,NA
2017,17085,Arlington,102,1,1,Pro 200,2,MidLevel,14.5,14.5,99.1,6664.475,55.1,68.875,9.2,36.8,45,2,100,25,25,1,1,0.01,NA,NA,NA
2017,17085,Arlington,231,2,1,Pro 200,2,MidLevel,12.55,13.6,86.67,5828.5575,57.5,71.875,9,36,41,1,100,55,55,0,0,0,NA,NA,NA
2017,17085,Arlington,319,3,1,Pro 200,2,MidLevel,12.58,14.3,86.18,5795.605,55.7,69.625,9,36,42,2,100,20,20,0,0,0,NA,NA,NA
2017,17085,Arlington,415,4,1,Pro 200,2,MidLevel,14.96,14.6,102.12,6867.57,56.6,70.75,9.5,38,45,2,100,15,15,0,0,0,NA,NA,NA
2017,17085,Arlington,131,1,1,Pro 200,3,HighLevel,16.89,14.9,114.89,7726.3525,61.6,77,9.3,37.2,40,1,3,3,0.09,0,0,0,NA,NA,NA
2017,17085,Arlington,207,2,1,Pro 200,3,HighLevel,12.42,14.7,84.68,5694.73,55.9,69.875,9.3,37.2,40,1,0,0,0,0,0,0,NA,NA,NA
2017,17085,Arlington,302,3,1,Pro 200,3,HighLevel,15.94,15.1,108.18,7275.105,56.6,70.75,9.6,38.4,38,1,5,15,0.75,0,0,0,NA,NA,NA
2017,17085,Arlington,440,4,1,Pro 200,3,HighLevel,15,14.8,102.16,6870.26,56.1,70.125,9.4,37.6,40,1,0,0,0,0,0,0,NA,NA,NA
2017,17085,Arlington,120,1,2,Pro 240,1,Current,10.67,12.7,74.46,5007.435,50.5,63.125,9.3,37.2,34,1,100,15,15,1,10,0.1,NA,NA,NA
2017,17085,Arlington,223,2,2,Pro 240,1,Current,10.64,12.4,74.5,5010.125,51.8,64.75,8.3,33.2,40,1,100,60,60,1,1,0.01,NA,NA,NA
2017,17085,Arlington,336,3,2,Pro 240,1,Current,12.05,12.9,83.9,5642.275,53.7,67.125,9.3,37.2,46,1,100,20,20,0,0,0,NA,NA,NA
2017,17085,Arlington,413,4,2,Pro 240,1,Current,11.01,12,77.45,5208.5125,52.4,65.5,8.5,34,49,1,100,15,15,1,1,0.01,NA,NA,NA
2017,17085,Arlington,103,1,2,Pro 240,2,MidLevel,15.14,13.7,104.44,7023.59,59.3,74.125,9.7,38.8,46,1,100,15,15,1,45,0.45,NA,NA,NA
2017,17085,Arlington,236,2,2,Pro 240,2,MidLevel,13.8,14,94.87,6380.0075,55.6,69.5,9.3,37.2,42,1,95,20,19,0,0,0,NA,NA,NA
2017,17085,Arlington,318,3,2,Pro 240,2,MidLevel,14.09,13.4,97.53,6558.8925,58.3,72.875,9.5,38,43,1,100,20,20,0,0,0,NA,NA,NA
2017,17085,Arlington,421,4,2,Pro 240,2,MidLevel,13.03,13.4,90.2,6065.95,56,70,9.7,38.8,52,1,100,30,30,1,1,0.01,NA,NA,NA
2017,17085,Arlington,132,1,2,Pro 240,3,HighLevel,15.71,13.6,108.5,7296.625,59.2,74,9.5,38,38,1,3,3,0.09,0,0,0,NA,NA,NA
2017,17085,Arlington,205,2,2,Pro 240,3,HighLevel,12.08,13.8,83.23,5597.2175,56.1,70.125,10,40,35,1,5,5,0.25,0,0,0,NA,NA,NA
2017,17085,Arlington,304,3,2,Pro 240,3,HighLevel,14.21,14,97.68,6568.98,56,70,10.1,40.4,36,1,85,5,4.25,0,0,0,NA,NA,NA
2017,17085,Arlington,435,4,2,Pro 240,3,HighLevel,14.34,13.8,98.81,6644.9725,53.8,67.25,9.4,37.6,47,1,3,3,0.09,0,0,0,NA,NA,NA
2017,17085,Arlington,128,1,3,Pro 260,1,Current,12.17,12.8,84.83,5704.8175,51.5,64.375,9.2,36.8,35,1,20,15,3,0,0,0,NA,NA,NA
2017,17085,Arlington,221,2,3,Pro 260,1,Current,10.24,12.9,71.29,4794.2525,51.3,64.125,10.5,42,33,1,95,15,14.25,0,0,0,NA,NA,NA
2017,17085,Arlington,341,3,3,Pro 260,1,Current,11.68,12.6,81.6,5487.6,51.9,64.875,8.6,34.4,34,1,100,25,25,1,1,0.01,NA,NA,NA
2017,17085,Arlington,401,4,3,Pro 260,1,Current,13.74,13.1,95.44,6418.34,53.8,67.25,9.9,39.6,38,1,80,7,5.6,0,0,0,NA,NA,NA
2017,17085,Arlington,113,1,3,Pro 260,2,MidLevel,13.52,13.4,93.59,6293.9275,52.6,65.75,10.4,41.6,42,1,95,20,19,0,0,0,NA,NA,NA
2017,17085,Arlington,239,2,3,Pro 260,2,MidLevel,12.25,14.5,83.72,5630.17,57,71.25,8.3,33.2,33,1,90,20,18,0,0,0,NA,NA,NA
2017,17085,Arlington,325,3,3,Pro 260,2,MidLevel,15.35,13.7,105.89,7121.1025,58.3,72.875,10,40,37,1,100,20,20,0,0,0,NA,NA,NA
2017,17085,Arlington,423,4,3,Pro 260,2,MidLevel,16.56,13.6,114.37,7691.3825,54.9,68.625,10.6,42.4,39,1,85,15,12.75,0,0,0,NA,NA,NA
2017,17085,Arlington,142,1,3,Pro 260,3,HighLevel,14.77,13.5,102.12,6867.57,53.1,66.375,10.5,42,36,1,0,0,0,0,0,0,NA,NA,NA
2017,17085,Arlington,201,2,3,Pro 260,3,HighLevel,14.47,13.7,99.82,6712.895,55.3,69.125,10.8,43.2,35,1,3,3,0.09,0,0,0,NA,NA,NA
2017,17085,Arlington,308,3,3,Pro 260,3,HighLevel,16.65,14.1,114.32,7688.02,55.5,69.375,9.9,39.6,35,1,10,5,0.5,0,0,0,NA,NA,NA
2017,17085,Arlington,430,4,3,Pro 260,3,HighLevel,15.8,13.7,108.99,7329.5775,54.9,68.625,9.7,38.8,38,1,15,20,3,1,1,0.01,NA,NA,NA
2017,17085,Arlington,125,1,4,Pro 320A,1,Current,14.61,12.5,102.19,6872.2775,56.1,70.125,10,40,43,1,0,0,0,0,0,0,NA,NA,NA
2017,17085,Arlington,218,2,4,Pro 320A,1,Current,11.52,12.4,80.67,5425.0575,55.9,69.875,10.5,42,39,1,10,25,2.5,0,0,0,NA,NA,NA
2017,17085,Arlington,329,3,4,Pro 320A,1,Current,13.03,12.8,90.82,6107.645,53.4,66.75,9.7,38.8,45,1,7,5,0.35,0,0,0,NA,NA,NA
2017,17085,Arlington,408,4,4,Pro 320A,1,Current,14.63,12.8,101.97,6857.4825,54.9,68.625,10.2,40.8,44,1,5,5,0.25,0,0,0,NA,NA,NA
2017,17085,Arlington,112,1,4,Pro 320A,2,MidLevel,14.06,13.4,97.33,6545.4425,54.2,67.75,10.3,41.2,36,1,3,5,0.15,0,0,0,NA,NA,NA
2017,17085,Arlington,233,2,4,Pro 320A,2,MidLevel,14.15,13.6,97.72,6571.67,54.9,68.625,10.3,41.2,42,1,3,5,0.15,0,0,0,NA,NA,NA
2017,17085,Arlington,316,3,4,Pro 320A,2,MidLevel,16.2,13.4,112.14,7541.415,55.4,69.25,10.4,41.6,44,1,5,5,0.25,0,0,0,NA,NA,NA
2017,17085,Arlington,422,4,4,Pro 320A,2,MidLevel,16,13.7,110.37,7422.3825,55.6,69.5,10.6,42.4,44,1,3,3,0.09,0,0,0,NA,NA,NA
2017,17085,Arlington,130,1,4,Pro 320A,3,HighLevel,16.74,13.4,115.88,7792.93,54.8,68.5,10,40,41,1,1,3,0.03,0,0,0,NA,NA,NA
2017,17085,Arlington,209,2,4,Pro 320A,3,HighLevel,13.9,13.6,96,6456,54.5,68.125,11,44,38,1,1,1,0.01,0,0,0,NA,NA,NA
2017,17085,Arlington,311,3,4,Pro 320A,3,HighLevel,17.1,13.4,118.37,7960.3825,58.5,73.125,10.4,41.6,40,1,0,0,0,0,0,0,NA,NA,NA
2017,17085,Arlington,442,4,4,Pro 320A,3,HighLevel,14.96,13.4,103.56,6964.41,54.7,68.375,10.3,41.2,41,1,0,0,0,0,0,0,NA,NA,NA
2017,17085,Arlington,126,1,5,Pro 380,1,Current,13.33,14.2,91.42,6147.995,56.2,70.25,8,32,37,1,0,0,0,0,0,0,NA,NA,NA
2017,17085,Arlington,220,2,5,Pro 380,1,Current,11.05,13.8,76.14,5120.415,53.8,67.25,8.4,33.6,36,1,60,15,9,0,0,0,NA,NA,NA
2017,17085,Arlington,338,3,5,Pro 380,1,Current,14.7,13.9,101.17,6803.6825,58.5,73.125,7.1,28.4,39,1,30,10,3,0,0,0,NA,NA,NA
2017,17085,Arlington,404,4,5,Pro 380,1,Current,13.8,14,94.87,6380.0075,59.6,74.5,7.7,30.8,38,1,70,15,10.5,3,30,0.9,NA,NA,NA
2017,17085,Arlington,104,1,5,Pro 380,2,MidLevel,16.58,16.7,110.4,7424.4,61.2,76.5,8.6,34.4,40,1,15,10,1.5,2,40,0.8,NA,NA,NA
2017,17085,Arlington,232,2,5,Pro 380,2,MidLevel,15.63,16.2,104.7,7041.075,61.1,76.375,7.9,31.6,37,1,30,20,6,1,1,0.01,NA,NA,NA
2017,17085,Arlington,322,3,5,Pro 380,2,MidLevel,16.43,17,109.01,7330.9225,57.2,71.5,8.4,33.6,37,1,10,5,0.5,1,1,0.01,NA,NA,NA
2017,17085,Arlington,426,4,5,Pro 380,2,MidLevel,14.51,16.4,96.96,6520.56,57.3,71.625,8.4,33.6,38,1,1,1,0.01,0,0,0,NA,NA,NA
2017,17085,Arlington,135,1,5,Pro 380,3,HighLevel,13.75,15.8,92.54,6223.315,56.7,70.875,7.7,30.8,42,1,1,1,0.01,0,0,0,NA,NA,NA
2017,17085,Arlington,204,2,5,Pro 380,3,HighLevel,13.76,16.5,91.84,6176.24,58,72.5,8.6,34.4,35,1,0,0,0,0,0,0,NA,NA,NA
2017,17085,Arlington,306,3,5,Pro 380,3,HighLevel,12.93,16,86.82,5838.645,58.3,72.875,8.6,34.4,32,1,1,1,0.01,0,0,0,NA,NA,NA
2017,17085,Arlington,437,4,5,Pro 380,3,HighLevel,12.9,16.9,85.69,5762.6525,57.7,72.125,8.6,34.4,35,1,1,1,0.01,1,1,0.01,NA,NA,NA
2017,17085,Arlington,116,1,6,Pro 410,1,Current,14.37,14,98.78,6642.955,53.6,67,11.2,44.8,37,1,1,1,0.01,0,0,0,NA,NA,NA
2017,17085,Arlington,228,2,6,Pro 410,1,Current,11.1,13.6,76.66,5155.385,51.6,64.5,8.7,34.8,35,1,3,3,0.09,0,0,0,NA,NA,NA
2017,17085,Arlington,337,3,6,Pro 410,1,Current,15.43,13.7,106.44,7158.09,54.4,68,10.9,43.6,38,1,1,1,0.01,0,0,0,NA,NA,NA
2017,17085,Arlington,402,4,6,Pro 410,1,Current,14.64,13.7,100.99,6791.5775,54.6,68.25,11.1,44.4,38,1,3,3,0.09,0,0,0,NA,NA,NA
2017,17085,Arlington,107,1,6,Pro 410,2,MidLevel,15.06,15.6,101.6,6832.6,54.2,67.75,11.9,47.6,39,1,5,5,0.25,3,30,0.9,NA,NA,NA
2017,17085,Arlington,241,2,6,Pro 410,2,MidLevel,13.15,16,88.3,5938.175,55.6,69.5,11.2,44.8,35,1,15,15,2.25,0,0,0,NA,NA,NA
2017,17085,Arlington,317,3,6,Pro 410,2,MidLevel,17.3,16.5,115.47,7765.3575,59,73.75,11.8,47.2,38,1,3,3,0.09,1,1,0.01,NA,NA,NA
2017,17085,Arlington,425,4,6,Pro 410,2,MidLevel,18.23,16.6,121.53,8172.8925,59.4,74.25,11.6,46.4,39,2,1,1,0.01,0,0,0,NA,NA,NA
2017,17085,Arlington,139,1,6,Pro 410,3,HighLevel,17.69,16.6,117.93,7930.7925,59.3,74.125,11.6,46.4,36,1,0,0,0,0,0,0,NA,NA,NA
2017,17085,Arlington,211,2,6,Pro 410,3,HighLevel,14.91,16.1,99.99,6724.3275,59.4,74.25,11.6,46.4,34,1,3,3,0.09,0,0,0,NA,NA,NA
2017,17085,Arlington,310,3,6,Pro 410,3,HighLevel,18.65,16.8,124.03,8341.0175,59.4,74.25,11,44,35,1,1,1,0.01,0,0,0,NA,NA,NA
2017,17085,Arlington,438,4,6,Pro 410,3,HighLevel,16.86,17.3,111.45,7495.0125,58.7,73.375,9.7,38.8,36,1,0,0,0,0,0,0,NA,NA,NA
2017,17085,Arlington,118,1,7,Pro 420,1,Current,12.32,13.1,85.58,5755.255,55.1,68.875,10.4,41.6,42,1,45,15,6.75,0,0,0,NA,NA,NA
2017,17085,Arlington,224,2,7,Pro 420,1,Current,10.03,13.2,69.59,4679.9275,56,70,8.6,34.4,39,1,100,40,40,1,1,0.01,NA,NA,NA
2017,17085,Arlington,340,3,7,Pro 420,1,Current,9.01,13,62.66,4213.885,51.6,64.5,8.9,35.6,43,1,100,60,60,1,3,0.03,NA,NA,NA
2017,17085,Arlington,412,4,7,Pro 420,1,Current,9.77,13.3,67.71,4553.4975,52.1,65.125,9.2,36.8,44,1,100,15,15,1,25,0.25,NA,NA,NA
2017,17085,Arlington,114,1,7,Pro 420,2,MidLevel,12.08,13.9,83.14,5591.165,53.6,67,10.2,40.8,37,1,100,25,25,1,1,0.01,NA,NA,NA
2017,17085,Arlington,230,2,7,Pro 420,2,MidLevel,11.09,14,76.24,5127.14,53.3,66.625,8.3,33.2,41,1,100,80,80,0,0,0,NA,NA,NA
2017,17085,Arlington,321,3,7,Pro 420,2,MidLevel,11.29,14.4,77.25,5195.0625,54,67.5,10,40,41,1,100,35,35,1,1,0.01,NA,NA,NA
2017,17085,Arlington,428,4,7,Pro 420,2,MidLevel,12.46,14.5,85.16,5727.01,53.2,66.5,9.3,37.2,44,1,100,20,20,0,0,0,NA,NA,NA
2017,17085,Arlington,129,1,7,Pro 420,3,HighLevel,15.85,15.6,106.93,7191.0425,55.6,69.5,10.7,42.8,41,1,10,5,0.5,3,35,1.05,NA,NA,NA
2017,17085,Arlington,214,2,7,Pro 420,3,HighLevel,13,14.8,88.53,5953.6425,53.5,66.875,9.4,37.6,36,1,5,5,0.25,1,1,0.01,NA,NA,NA
2017,17085,Arlington,301,3,7,Pro 420,3,HighLevel,14.82,16.4,99.03,6659.7675,55.9,69.875,10.1,40.4,40,1,40,5,2,1,1,0.01,NA,NA,NA
2017,17085,Arlington,429,4,7,Pro 420,3,HighLevel,16.26,15.3,110.09,7403.5525,55.9,69.875,10.3,41.2,43,1,1,1,0.01,0,0,0,NA,NA,NA
2017,17085,Arlington,123,1,8,Kaskaskia,1,Current,13.12,13.1,91.13,6128.4925,53.8,67.25,10.4,41.6,43,1,15,10,1.5,0,0,0,NA,NA,NA
2017,17085,Arlington,215,2,8,Kaskaskia,1,Current,11.19,13.4,77.46,5209.185,55.9,69.875,10,40,38,1,100,60,60,0,0,0,NA,NA,NA
2017,17085,Arlington,339,3,8,Kaskaskia,1,Current,11.55,12.3,80.97,5445.2325,55.6,69.5,8.7,34.8,43,1,100,75,75,0,0,0,NA,NA,NA
2017,17085,Arlington,409,4,8,Kaskaskia,1,Current,13.2,13,91.8,6173.55,55.8,69.75,9.4,37.6,47,1,100,40,40,0,0,0,NA,NA,NA
2017,17085,Arlington,101,1,8,Kaskaskia,2,MidLevel,15.77,14.4,107.9,7256.275,56.2,70.25,9.8,39.2,46,1,100,35,35,1,1,0.01,NA,NA,NA
2017,17085,Arlington,240,2,8,Kaskaskia,2,MidLevel,12.39,14.9,84.28,5667.83,56.9,71.125,10,40,41,1,100,40,40,0,0,0,NA,NA,NA
2017,17085,Arlington,323,3,8,Kaskaskia,2,MidLevel,14.84,14.5,101.42,6820.495,56.9,71.125,9.5,38,44,1,100,35,35,0,0,0,NA,NA,NA
2017,17085,Arlington,418,4,8,Kaskaskia,2,MidLevel,15.13,14.4,103.52,6961.72,60.3,75.375,10.1,40.4,48,1,80,25,20,0,0,0,NA,NA,NA
2017,17085,Arlington,134,1,8,Kaskaskia,3,HighLevel,13.81,14.3,94.6,6361.85,55.3,69.125,9.8,39.2,36,1,0,0,0,0,0,0,NA,NA,NA
2017,17085,Arlington,212,2,8,Kaskaskia,3,HighLevel,14.83,14.6,101.23,6807.7175,57.6,72,10.6,42.4,37,1,1,1,0.01,0,0,0,NA,NA,NA
2017,17085,Arlington,309,3,8,Kaskaskia,3,HighLevel,16.78,14.9,114.14,7675.915,57.2,71.5,9.9,39.6,42,1,0,0,0,0,0,0,NA,NA,NA
2017,17085,Arlington,441,4,8,Kaskaskia,3,HighLevel,15.03,14.6,102.6,6899.85,57.1,71.375,10.1,40.4,44,1,0,0,0,0,0,0,NA,NA,NA
2017,17085,Arlington,124,1,9,Red Devil,1,Current,13.84,13.1,96.14,6465.415,58.3,72.875,8.8,35.2,40,1,3,5,0.15,0,0,0,NA,NA,NA
2017,17085,Arlington,222,2,9,Red Devil,1,Current,12.21,13.2,84.72,5697.42,54.6,68.25,7.8,31.2,37,1,60,20,12,0,0,0,NA,NA,NA
2017,17085,Arlington,333,3,9,Red Devil,1,Current,11.4,13.1,79.19,5325.5275,53.4,66.75,8.6,34.4,39,1,30,10,3,0,0,0,NA,NA,NA
2017,17085,Arlington,407,4,9,Red Devil,1,Current,11.14,13.1,77.38,5203.805,52.3,65.375,9.6,38.4,39,1,15,20,3,0,0,0,NA,NA,NA
2017,17085,Arlington,106,1,9,Red Devil,2,MidLevel,14.74,14.4,100.86,6782.835,55.9,69.875,9,36,42,1,10,15,1.5,0,0,0,NA,NA,NA
2017,17085,Arlington,237,2,9,Red Devil,2,MidLevel,15.32,14.9,104.21,7008.1225,56.7,70.875,8.8,35.2,37,1,15,20,3,0,0,0,NA,NA,NA
2017,17085,Arlington,315,3,9,Red Devil,2,MidLevel,16.98,15,115.37,7758.6325,57.3,71.625,9.1,36.4,39,1,10,10,1,1,1,0.01,NA,NA,NA
2017,17085,Arlington,420,4,9,Red Devil,2,MidLevel,14.75,14.5,100.81,6779.4725,55.7,69.625,8.8,35.2,44,1,20,15,3,0,0,0,NA,NA,NA
2017,17085,Arlington,141,1,9,Red Devil,3,HighLevel,14.46,14.4,98.94,6653.715,55.8,69.75,8.8,35.2,38,1,0,0,0,0,0,0,NA,NA,NA
2017,17085,Arlington,210,2,9,Red Devil,3,HighLevel,14.31,14.7,97.57,6561.5825,60.6,75.75,9.1,36.4,35,1,0,0,0,0,0,0,NA,NA,NA
2017,17085,Arlington,313,3,9,Red Devil,3,HighLevel,13.8,14.2,94.64,6364.54,55.4,69.25,8.9,35.6,35,1,1,1,0.01,0,0,0,NA,NA,NA
2017,17085,Arlington,434,4,9,Red Devil,3,HighLevel,15.84,14.8,107.88,7254.93,56.3,70.375,8.6,34.4,41,1,1,1,0.01,0,0,0,NA,NA,NA
2017,17085,Arlington,127,1,10,PR25R40,1,Current,14.93,13.3,103.47,6958.3575,52,65,10.9,43.6,36,1,1,1,0.01,1,1,0.01,NA,NA,NA
2017,17085,Arlington,227,2,10,PR25R40,1,Current,11.98,13.2,83.12,5589.82,51.9,64.875,10,40,35,1,10,15,1.5,1,1,0.01,NA,NA,NA
2017,17085,Arlington,335,3,10,PR25R40,1,Current,13.21,13.2,91.65,6163.4625,51.3,64.125,9.4,37.6,34,1,25,10,2.5,1,1,0.01,NA,NA,NA
2017,17085,Arlington,403,4,10,PR25R40,1,Current,14.86,13.3,102.98,6925.405,52.9,66.125,10.8,43.2,34,1,3,3,0.09,0,0,0,NA,NA,NA
2017,17085,Arlington,109,1,10,PR25R40,2,MidLevel,19.05,15.2,129.13,8683.9925,55.6,69.5,11.2,44.8,37,1,3,5,0.15,0,0,0,NA,NA,NA
2017,17085,Arlington,229,2,10,PR25R40,2,MidLevel,18.26,14.9,124.21,8353.1225,56.3,70.375,10.9,43.6,35,1,3,5,0.15,0,0,0,NA,NA,NA
2017,17085,Arlington,320,3,10,PR25R40,2,MidLevel,18.26,14.2,125.23,8421.7175,55.8,69.75,11.5,46,30,1,3,5,0.15,0,0,0,NA,NA,NA
2017,17085,Arlington,416,4,10,PR25R40,2,MidLevel,18.1,15,122.98,8270.405,56.4,70.5,11.5,46,37,1,7,10,0.7,1,1,0.01,NA,NA,NA
2017,17085,Arlington,136,1,10,PR25R40,3,HighLevel,17.76,15.2,120.38,8095.555,55.9,69.875,11.5,46,33,1,1,1,0.01,0,0,0,NA,NA,NA
2017,17085,Arlington,213,2,10,PR25R40,3,HighLevel,18,14.4,123.16,8282.51,54.8,68.5,11,44,30,1,5,5,0.25,0,0,0,NA,NA,NA
2017,17085,Arlington,307,3,10,PR25R40,3,HighLevel,17.6,14.6,120.14,8079.415,55.8,69.75,10,40,28,1,1,1,0.01,0,0,0,NA,NA,NA
2017,17085,Arlington,436,4,10,PR25R40,3,HighLevel,19.7,15.3,133.38,8969.805,57,71.25,11.6,46.4,35,1,0,0,0,0,0,0,NA,NA,NA
2017,17085,Arlington,117,1,11,KF 15241,1,Current,12.42,14,85.38,5741.805,55.7,69.625,9,36,39,1,90,10,9,0,0,0,NA,NA,NA
2017,17085,Arlington,225,2,11,KF 15241,1,Current,10.58,12.7,73.83,4965.0675,54.5,68.125,8,32,38,1,100,55,55,0,0,0,NA,NA,NA
2017,17085,Arlington,330,3,11,KF 15241,1,Current,12.04,12.9,83.83,5637.5675,52.6,65.75,8.8,35.2,42,1,100,25,25,1,1,0.01,NA,NA,NA
2017,17085,Arlington,405,4,11,KF 15241,1,Current,10.48,13.1,72.8,4895.8,51.6,64.5,8.3,33.2,39,1,100,20,20,0,0,0,NA,NA,NA
2017,17085,Arlington,111,1,11,KF 15241,2,MidLevel,14.47,15.4,97.85,6580.4125,58.5,73.125,9.2,36.8,43,1,100,30,30,0,0,0,NA,NA,NA
2017,17085,Arlington,235,2,11,KF 15241,2,MidLevel,11.64,14.4,79.64,5355.79,54,67.5,10.1,40.4,38,1,100,60,60,0,0,0,NA,NA,NA
2017,17085,Arlington,324,3,11,KF 15241,2,MidLevel,13.58,14.9,92.38,6212.555,57.8,72.25,8.3,33.2,40,1,100,35,35,0,0,0,NA,NA,NA
2017,17085,Arlington,419,4,11,KF 15241,2,MidLevel,13.32,14.9,90.61,6093.5225,53.8,67.25,8.9,35.6,43,1,100,10,10,0,0,0,NA,NA,NA
2017,17085,Arlington,140,1,11,KF 15241,3,HighLevel,14.96,15.8,100.69,6771.4025,56,70,9,36,37,1,0,0,0,0,0,0,NA,NA,NA
2017,17085,Arlington,208,2,11,KF 15241,3,HighLevel,14.08,16.3,94.2,6334.95,56.1,70.125,9.4,37.6,33,1,1,1,0.01,0,0,0,NA,NA,NA
2017,17085,Arlington,303,3,11,KF 15241,3,HighLevel,15.91,16.3,106.45,7158.7625,60.1,75.125,9.4,37.6,35,1,0,0,0,0,0,0,NA,NA,NA
2017,17085,Arlington,431,4,11,KF 15241,3,HighLevel,16.41,15.8,110.45,7427.7625,59.2,74,9.2,36.8,39,1,0,0,0,0,0,0,NA,NA,NA
2017,17085,Arlington,119,1,12,735,1,Current,12.58,12.8,87.69,5897.1525,51.8,64.75,9.3,37.2,36,1,100,5,5,0,0,0,NA,NA,NA
2017,17085,Arlington,216,2,12,735,1,Current,12.3,12.5,86.03,5785.5175,50.4,63,8.8,35.2,38,1,100,55,55,0,0,0,NA,NA,NA
2017,17085,Arlington,342,3,12,735,1,Current,12.43,12.6,86.84,5839.99,49.2,61.5,8.3,33.2,35,1,100,15,15,0,0,0,NA,NA,NA
2017,17085,Arlington,406,4,12,735,1,Current,12.08,12.6,84.39,5675.2275,50.9,63.625,8.4,33.6,37,1,100,30,30,0,0,0,NA,NA,NA
2017,17085,Arlington,110,1,12,735,2,MidLevel,16.55,14,113.77,7651.0325,56.9,71.125,9.6,38.4,40,1,100,25,25,0,0,0,NA,NA,NA
2017,17085,Arlington,242,2,12,735,2,MidLevel,13.29,14.4,90.93,6115.0425,54.2,67.75,11.2,44.8,32,1,80,10,8,0,0,0,NA,NA,NA
2017,17085,Arlington,326,3,12,735,2,MidLevel,14.93,13.8,102.87,6918.0075,53.4,66.75,9.1,36.4,39,1,95,15,14.25,0,0,0,NA,NA,NA
2017,17085,Arlington,417,4,12,735,2,MidLevel,15.25,13.7,105.2,7074.7,56.4,70.5,8.4,33.6,40,1,70,10,7,0,0,0,NA,NA,NA
2017,17085,Arlington,138,1,12,735,3,HighLevel,17.9,14.8,121.91,8198.4475,58.6,73.25,10.1,40.4,35,1,0,0,0,0,0,0,NA,NA,NA
2017,17085,Arlington,206,2,12,735,3,HighLevel,14.16,13.9,97.45,6553.5125,53.2,66.5,9.9,39.6,34,1,1,1,0.01,0,0,0,NA,NA,NA
2017,17085,Arlington,312,3,12,735,3,HighLevel,16.61,14.3,113.78,7651.705,54.6,68.25,9.5,38,36,1,0,0,0,0,0,0,NA,NA,NA
2017,17085,Arlington,432,4,12,735,3,HighLevel,18.82,14.2,129.07,8679.9575,57.8,72.25,9.1,36.4,37,1,0,0,0,0,0,0,NA,NA,NA
2017,17085,Arlington,121,1,13,776,1,Current,11.61,13.1,80.65,5423.7125,50.2,62.75,9,36,36,1,100,25,25,0,0,0,NA,NA,NA
2017,17085,Arlington,217,2,13,776,1,Current,11.65,13.2,80.83,5435.8175,54.7,68.375,10.2,40.8,36,1,100,25,25,0,0,0,NA,NA,NA
2017,17085,Arlington,334,3,13,776,1,Current,10.49,12.8,73.12,4917.32,52,65,9.4,37.6,37,1,100,65,65,0,0,0,NA,NA,NA
2017,17085,Arlington,411,4,13,776,1,Current,12.75,12.8,88.87,5976.5075,53.2,66.5,7.4,29.6,39,1,100,50,50,0,0,0,NA,NA,NA
2017,17085,Arlington,105,1,13,776,2,MidLevel,15.48,14.4,105.92,7123.12,53.8,67.25,9.6,38.4,39,1,100,35,35,0,0,0,NA,NA,NA
2017,17085,Arlington,234,2,13,776,2,MidLevel,13.45,14.4,92.03,6189.0175,51.7,64.625,9,36,38,1,95,30,28.5,0,0,0,NA,NA,NA
2017,17085,Arlington,327,3,13,776,2,MidLevel,13.72,14.5,93.77,6306.0325,53.6,67,9.4,37.6,40,1,100,25,25,0,0,0,NA,NA,NA
2017,17085,Arlington,427,4,13,776,2,MidLevel,16.79,15.4,113.54,7635.565,54.6,68.25,9.7,38.8,41,1,75,20,15,0,0,0,NA,NA,NA
2017,17085,Arlington,137,1,13,776,3,HighLevel,18.24,16.2,122.18,8216.605,54.5,68.125,10.3,41.2,33,1,3,3,0.09,0,0,0,NA,NA,NA
2017,17085,Arlington,203,2,13,776,3,HighLevel,14.52,16.2,97.26,6540.735,58.9,73.625,10.2,40.8,32,1,3,3,0.09,0,0,0,NA,NA,NA
2017,17085,Arlington,305,3,13,776,3,HighLevel,14.95,15.7,100.74,6774.765,56.5,70.625,10.8,43.2,30,1,5,5,0.25,0,0,0,NA,NA,NA
2017,17085,Arlington,433,4,13,776,3,HighLevel,17.69,16.1,118.64,7978.54,55.8,69.75,9.8,39.2,39,1,1,1,0.01,0,0,0,NA,NA,NA
2017,17085,Arlington,115,1,14,SY 547,1,Current,13.93,13.3,96.54,6492.315,53.6,67,10.6,42.4,38,1,35,7,2.45,0,0,0,NA,NA,NA
2017,17085,Arlington,219,2,14,SY 547,1,Current,11.87,13.2,82.36,5538.71,53.5,66.875,10.7,42.8,36,1,100,15,15,0,0,0,NA,NA,NA
2017,17085,Arlington,331,3,14,SY 547,1,Current,13.52,12.9,94.13,6330.2425,57.6,72,9.7,38.8,42,1,90,10,9,0,0,0,NA,NA,NA
2017,17085,Arlington,414,4,14,SY 547,1,Current,12.82,13,89.15,5995.3375,52.6,65.75,9.7,38.8,40,1,35,7,2.45,0,0,0,NA,NA,NA
2017,17085,Arlington,108,1,14,SY 547,2,MidLevel,16,14.6,109.22,7345.045,54.7,68.375,10.5,42,37,1,100,15,15,0,0,0,NA,NA,NA
2017,17085,Arlington,238,2,14,SY 547,2,MidLevel,15.28,14.5,104.43,7022.9175,59,73.75,9.8,39.2,38,1,40,25,10,0,0,0,NA,NA,NA
2017,17085,Arlington,328,3,14,SY 547,2,MidLevel,12.93,14,88.88,5977.18,56,70,10.4,41.6,42,1,95,15,14.25,0,0,0,NA,NA,NA
2017,17085,Arlington,424,4,14,SY 547,2,MidLevel,17.28,14.3,118.37,7960.3825,59.3,74.125,10.5,42,39,1,7,10,0.7,0,0,0,NA,NA,NA
2017,17085,Arlington,133,1,14,SY 547,3,HighLevel,15.33,14.4,104.89,7053.8525,55.3,69.125,9.6,38.4,36,1,3,3,0.09,0,0,0,NA,NA,NA
2017,17085,Arlington,202,2,14,SY 547,3,HighLevel,13.9,14.6,94.89,6381.3525,55.1,68.875,10.5,42,34,1,5,5,0.25,0,0,0,NA,NA,NA
2017,17085,Arlington,314,3,14,SY 547,3,HighLevel,14.13,14.5,96.57,6494.3325,53.5,66.875,10.2,40.8,35,1,3,3,0.09,0,0,0,NA,NA,NA
2017,17085,Arlington,439,4,14,SY 547,3,HighLevel,17.75,14.4,121.45,8167.5125,58.6,73.25,10.3,41.2,37,1,1,1,0.01,0,0,0,NA,NA,NA
2018,18085,Arlington,102,1,1,SRW9606,1,Current,10.59,11.3,75.08,5049.13,49.1,61.375,7.4,29.6,35,1,0,0,0,5,5,0.25,1.3,NA,NA
2018,18085,Arlington,225,2,1,SRW9606,1,Current,13.11,11.4,92.85,6244.1625,54.9,68.625,7.6,30.5,36,1,0,0,0,3,5,0.15,1.7,NA,NA
2018,18085,Arlington,332,3,1,SRW9606,1,Current,13.26,11.4,93.91,6315.4475,55.1,68.875,8.1,32.4,35,1,0,0,0,1,5,0.05,2.6,NA,NA
2018,18085,Arlington,410,4,1,SRW9606,1,Current,12.36,11.4,87.54,5887.065,53.9,67.375,7.8,31.2,34,1,0,0,0,3,15,0.45,2.7,NA,NA
2018,18085,Arlington,124,1,1,SRW9606,2,MidLevel,14.61,11.8,103,6926.75,56.6,70.75,9,35.8,34,1,0,0,0,0,0,0,0.84,NA,NA
2018,18085,Arlington,236,2,1,SRW9606,2,MidLevel,13.08,12.1,91.9,6180.275,53.6,67,8.1,32.4,35,1,0,0,0,1,5,0.05,1.3,NA,NA
2018,18085,Arlington,309,3,1,SRW9606,2,MidLevel,14.22,11.8,100.25,6741.8125,53.9,67.375,8.4,33.7,36,1,0,0,0,1,1,0.01,1.5,NA,NA
2018,18085,Arlington,428,4,1,SRW9606,2,MidLevel,14.44,11.6,102.04,6862.19,56.5,70.625,8.4,33.7,36,1,0,0,0,0,0,0,0.76,NA,NA
2018,18085,Arlington,141,1,1,SRW9606,3,HighLevel,14.91,11.9,105,7061.25,56.2,70.25,8.1,32.5,33,1,0,0,0,0,0,0,1.3,NA,NA
2018,18085,Arlington,201,2,1,SRW9606,3,HighLevel,15.22,11.7,107.43,7224.6675,55.6,69.5,8.8,35.2,32,1,0,0,0,0,0,0,0.65,NA,NA
2018,18085,Arlington,316,3,1,SRW9606,3,HighLevel,15.59,11.8,109.91,7391.4475,55.7,69.625,8.2,32.7,34,1,0,0,0,1,1,0.01,1,NA,NA
2018,18085,Arlington,440,4,1,SRW9606,3,HighLevel,15.58,11.9,109.72,7378.67,58.4,73,8.3,33.2,33,1,0,0,0,1,5,0.05,1.3,NA,NA
2018,18085,Arlington,105,1,2,FS624,1,Current,11.36,11.4,80.45,5410.2625,53.2,66.5,8.3,33,35,1,0,0,0,1,30,0.3,0.58,NA,NA
2018,18085,Arlington,219,2,2,FS624,1,Current,16,12.3,112.16,7542.76,59.8,74.75,10.1,40.6,36,1,0,0,0,3,10,0.3,0.64,NA,NA
2018,18085,Arlington,336,3,2,FS624,1,Current,12.07,11.7,85.19,5729.0275,53.6,67,8.5,34,35,1,0,0,0,5,15,0.75,1.9,NA,NA
2018,18085,Arlington,412,4,2,FS624,1,Current,13.04,11.8,91.93,6182.2925,56.4,70.5,9.2,36.8,34,1,0,0,0,3,25,0.75,1.5,NA,NA
2018,18085,Arlington,119,1,2,FS624,2,MidLevel,15.17,12.3,106.34,7151.365,59.6,74.5,10.2,40.6,34,1,0,0,0,1,10,0.1,0.36,NA,NA
2018,18085,Arlington,233,2,2,FS624,2,MidLevel,14.63,12.4,102.44,6889.09,59.8,74.75,10,40,37,1,0,0,0,3,15,0.45,0.71,NA,NA
2018,18085,Arlington,311,3,2,FS624,2,MidLevel,15.51,12.4,108.6,7303.35,60,75,10.1,40.4,36,1,0,0,0,5,10,0.5,0.64,NA,NA
2018,18085,Arlington,427,4,2,FS624,2,MidLevel,15.27,12.3,107.05,7199.1125,57.8,72.25,10,39.8,36,1,0,0,0,3,10,0.3,1.1,NA,NA
2018,18085,Arlington,131,1,2,FS624,3,HighLevel,17.59,12.6,122.89,8264.3525,61,76.25,10.4,41.7,34,1,0,0,0,0,0,0,0.61,NA,NA
2018,18085,Arlington,208,2,2,FS624,3,HighLevel,15.45,12.4,108.18,7275.105,58.1,72.625,10.1,40.5,35,1,0,0,0,1,5,0.05,0.74,NA,NA
2018,18085,Arlington,319,3,2,FS624,3,HighLevel,17.68,12.6,123.52,8306.72,61.1,76.375,9.7,38.7,34,1,0,0,0,1,15,0.15,0.67,NA,NA
2018,18085,Arlington,438,4,2,FS624,3,HighLevel,16.38,12.2,114.96,7731.06,60.6,75.75,10.1,40.3,33,1,0,0,0,1,5,0.05,0.88,NA,NA
2018,18085,Arlington,106,1,3,KF 15241,1,Current,11.81,11.8,83.26,5599.235,55.4,69.25,7.4,29.6,36,1,0,0,0,1,10,0.1,0.17,NA,NA
2018,18085,Arlington,227,2,3,KF 15241,1,Current,12.72,12.2,89.27,6003.4075,56.9,71.125,7.8,31.3,37,1,0,0,0,1,1,0.01,0.1,NA,NA
2018,18085,Arlington,341,3,3,KF 15241,1,Current,11.92,11.8,84.04,5651.69,55.9,69.875,7.6,30.3,37,1,0,0,0,3,10,0.3,0.43,NA,NA
2018,18085,Arlington,401,4,3,KF 15241,1,Current,13.16,11.9,92.68,6232.73,55.4,69.25,7.6,30.4,35,1,0,0,0,1,10,0.1,0.6,NA,NA
2018,18085,Arlington,128,1,3,KF 15241,2,MidLevel,14.12,12.4,98.87,6649.0075,59.6,74.5,8,31.8,35,1,0,0,0,0,0,0,0.29,NA,NA
2018,18085,Arlington,234,2,3,KF 15241,2,MidLevel,13.93,12.2,97.76,6574.36,57.1,71.375,7.3,29.3,37,1,0,0,0,0,0,0,0.1,NA,NA
2018,18085,Arlington,308,3,3,KF 15241,2,MidLevel,13.42,12.4,93.97,6319.4825,56.9,71.125,7.6,30.5,37,1,0,0,0,0,0,0,0.16,NA,NA
2018,18085,Arlington,426,4,3,KF 15241,2,MidLevel,13.69,12.3,95.97,6453.9825,58.6,73.25,7.4,29.7,37,1,0,0,0,0,0,0,0.17,NA,NA
2018,18085,Arlington,142,1,3,KF 15241,3,HighLevel,14.58,12.3,102.21,6873.6225,59.8,74.75,7.7,30.7,34,1,0,0,0,0,0,0,0.18,NA,NA
2018,18085,Arlington,205,2,3,KF 15241,3,HighLevel,14.79,12.3,103.68,6972.48,59.8,74.75,7.2,29,34,1,0,0,0,0,0,0,0.19,NA,NA
2018,18085,Arlington,327,3,3,KF 15241,3,HighLevel,14.52,12.3,101.79,6845.3775,58.4,73,7.7,30.9,36,1,0,0,0,0,0,0,0.24,NA,NA
2018,18085,Arlington,431,4,3,KF 15241,3,HighLevel,15.07,12.2,105.76,7112.36,59.5,74.375,7.4,29.8,36,1,0,0,0,1,5,0.05,0.15,NA,NA
2018,18085,Arlington,104,1,4,735,1,Current,13.14,11.3,93.16,6265.01,54.1,67.625,7.3,29.2,34,1,0,0,0,3,10,0.3,0.53,NA,NA
2018,18085,Arlington,221,2,4,735,1,Current,15.07,11.5,106.61,7169.5225,56.8,71,7.7,30.7,33,1,0,0,0,3,15,0.45,1.3,NA,NA
2018,18085,Arlington,329,3,4,735,1,Current,14.74,11.4,104.39,7020.2275,53.7,67.125,7.2,29,34,1,0,0,0,5,25,1.25,0.98,NA,NA
2018,18085,Arlington,405,4,4,735,1,Current,14.1,11.5,99.75,6708.1875,55.6,69.5,7.6,30.3,36,1,0,0,0,1,15,0.15,0.89,NA,NA
2018,18085,Arlington,127,1,4,735,2,MidLevel,14.37,11.9,101.2,6805.7,56.4,70.5,8.2,32.8,33,1,0,0,0,1,1,0.01,0.23,NA,NA
2018,18085,Arlington,232,2,4,735,2,MidLevel,16.64,11.8,117.31,7889.0975,58.8,73.5,7.5,30.1,35,1,0,0,0,1,1,0.01,0.38,NA,NA
2018,18085,Arlington,306,3,4,735,2,MidLevel,16.15,11.8,113.86,7657.085,56.4,70.5,8.1,32.6,35,1,0,0,0,1,1,0.01,0.2,NA,NA
2018,18085,Arlington,417,4,4,735,2,MidLevel,16.96,11.8,119.57,8041.0825,58.2,72.75,7.8,31.1,34,1,0,0,0,1,5,0.05,0.28,NA,NA
2018,18085,Arlington,132,1,4,735,3,HighLevel,16.05,11.9,113.03,7601.2675,58.6,73.25,8,32.2,33,1,0,0,0,0,0,0,0.51,NA,NA
2018,18085,Arlington,211,2,4,735,3,HighLevel,16.79,11.9,118.24,7951.64,59.4,74.25,7.4,29.4,33,1,0,0,0,1,1,0.01,0.37,NA,NA
2018,18085,Arlington,318,3,4,735,3,HighLevel,17.71,11.8,124.86,8396.835,59.3,74.125,7.8,31,34,1,0,0,0,1,1,0.01,0.31,NA,NA
2018,18085,Arlington,432,4,4,735,3,HighLevel,17.42,11.9,122.67,8249.5575,59,73.75,7.7,30.6,35,1,0,0,0,1,5,0.05,0.48,NA,NA
2018,18085,Arlington,111,1,5,776,1,Current,12.63,11.5,89.35,6008.7875,56.1,70.125,8.5,33.8,35,1,0,0,0,1,1,0.01,1.3,NA,NA
2018,18085,Arlington,217,2,5,776,1,Current,13.89,11.6,98.15,6600.5875,57,71.25,7.7,30.7,37,1,0,0,0,5,5,0.25,1.4,NA,NA
2018,18085,Arlington,338,3,5,776,1,Current,13.16,11.5,93.1,6260.975,56,70,8.1,32.3,37,1,0,0,0,1,5,0.05,1.7,NA,NA
2018,18085,Arlington,408,4,5,776,1,Current,12.48,11.3,88.48,5950.28,53.3,66.625,8.1,32.2,37,1,0,0,0,5,5,0.25,1.8,NA,NA
2018,18085,Arlington,125,1,5,776,2,MidLevel,15.41,12.1,108.27,7281.1575,58.9,73.625,8.5,33.8,36,1,0,0,0,1,1,0.01,0.59,NA,NA
2018,18085,Arlington,240,2,5,776,2,MidLevel,13.33,11.9,93.87,6312.7575,57.4,71.75,8,31.9,37,1,0,0,0,0,0,0,0.28,NA,NA
2018,18085,Arlington,301,3,5,776,2,MidLevel,13.79,11.8,97.22,6538.045,54.1,67.625,7.6,30.2,37,1,0,0,0,0,0,0,0.61,NA,NA
2018,18085,Arlington,424,4,5,776,2,MidLevel,14.9,11.8,105.05,7064.6125,57.8,72.25,8.3,33,38,1,0,0,0,1,5,0.05,0.56,NA,NA
2018,18085,Arlington,139,1,5,776,3,HighLevel,16.51,12.4,115.61,7774.7725,60.1,75.125,8.6,34.2,35,1,0,0,0,1,1,0.01,0.6,NA,NA
2018,18085,Arlington,210,2,5,776,3,HighLevel,14.73,12,103.61,6967.7725,58.4,73,7.9,31.4,34,1,0,0,0,0,0,0,0.46,NA,NA
2018,18085,Arlington,324,3,5,776,3,HighLevel,16.5,12.3,115.67,7778.8075,59.6,74.5,8.6,34.2,35,1,0,0,0,0,0,0,0.62,NA,NA
2018,18085,Arlington,433,4,5,776,3,HighLevel,17.09,12.2,119.94,8065.965,59.7,74.625,8.1,32.5,36,1,0,0,0,0,0,0,0.79,NA,NA
2018,18085,Arlington,101,1,6,Pro 260,1,Current,11.53,11.4,81.66,5491.635,52.6,65.75,9.3,37.2,32,1,0,0,0,15,20,3,1.6,NA,NA
2018,18085,Arlington,218,2,6,Pro 260,1,Current,13.7,11.6,96.81,6510.4725,54.6,68.25,8.1,32.2,34,1,0,0,0,5,10,0.5,2.8,NA,NA
2018,18085,Arlington,337,3,6,Pro 260,1,Current,11.68,11.5,82.63,5556.8675,50.9,63.625,8.1,32.2,33,1,0,0,0,10,15,1.5,2.9,NA,NA
2018,18085,Arlington,407,4,6,Pro 260,1,Current,12.05,11.5,85.24,5732.39,53.9,67.375,8.1,32.5,34,1,0,0,0,5,20,1,3.9,NA,NA
2018,18085,Arlington,115,1,6,Pro 260,2,MidLevel,14.06,11.8,99.13,6666.4925,55.6,69.5,9.6,38.4,33,1,0,0,0,1,5,0.05,0.8,NA,NA
2018,18085,Arlington,229,2,6,Pro 260,2,MidLevel,13.59,11.9,95.7,6435.825,53,66.25,8.3,33.2,32,1,0,0,0,1,5,0.05,0.76,NA,NA
2018,18085,Arlington,310,3,6,Pro 260,2,MidLevel,14.23,11.9,100.21,6739.1225,56.8,71,8.6,34.4,33,1,0,0,0,0,0,0,0.57,NA,NA
2018,18085,Arlington,425,4,6,Pro 260,2,MidLevel,15.67,12,110.23,7412.9675,57.6,72,9,35.8,34,1,0,0,0,3,5,0.15,1.5,NA,NA
2018,18085,Arlington,134,1,6,Pro 260,3,HighLevel,13.8,12.2,96.85,6513.1625,55.5,69.375,8.9,35.5,31,1,0,0,0,1,1,0.01,2.7,NA,NA
2018,18085,Arlington,213,2,6,Pro 260,3,HighLevel,15.17,12,106.71,7176.2475,55.8,69.75,8.6,34.3,33,1,0,0,0,1,10,0.1,1.4,NA,NA
2018,18085,Arlington,323,3,6,Pro 260,3,HighLevel,14.56,12,102.42,6887.745,55.2,69,9,36,33,1,0,0,0,1,5,0.05,1.2,NA,NA
2018,18085,Arlington,434,4,6,Pro 260,3,HighLevel,16.23,12.2,113.91,7660.4475,56.1,70.125,8.5,34,35,1,0,0,0,5,10,0.5,0.77,NA,NA
2018,18085,Arlington,108,1,7,Pro 320A,1,Current,11.34,11.3,80.4,5406.9,54.8,68.5,9.5,38.2,40,1,0,0,0,1,5,0.05,0.75,NA,NA
2018,18085,Arlington,228,2,7,Pro 320A,1,Current,12.63,11.4,89.45,6015.5125,57.2,71.5,8.4,33.7,43,1,0,0,0,1,15,0.15,0.74,NA,NA
2018,18085,Arlington,340,3,7,Pro 320A,1,Current,11.96,11.5,84.61,5690.0225,56.6,70.75,8.6,34.3,42,1,0,0,0,3,15,0.45,1,NA,NA
2018,18085,Arlington,413,4,7,Pro 320A,1,Current,12.14,11.4,85.98,5782.155,55,68.75,8.7,34.8,41,1,0,0,0,5,20,1,1.1,NA,NA
2018,18085,Arlington,117,1,7,Pro 320A,2,MidLevel,14.69,11.5,103.92,6988.62,57.9,72.375,9.8,39.3,38,1,0,0,0,1,1,0.01,0.2,NA,NA
2018,18085,Arlington,238,2,7,Pro 320A,2,MidLevel,12.52,11.6,88.47,5949.6075,56.3,70.375,8.2,32.6,40,1,0,0,0,1,5,0.05,0.53,NA,NA
2018,18085,Arlington,305,3,7,Pro 320A,2,MidLevel,14.72,11.7,103.9,6987.275,57.5,71.875,9,36,41,1,0,0,0,1,1,0.01,0.4,NA,NA
2018,18085,Arlington,422,4,7,Pro 320A,2,MidLevel,12.85,11.4,91.01,6120.4225,54.5,68.125,9.1,36.5,42,1,0,0,0,0,0,0,0.25,NA,NA
2018,18085,Arlington,133,1,7,Pro 320A,3,HighLevel,15.68,11.8,110.55,7434.4875,59.7,74.625,9.4,37.6,36,1,0,0,0,1,5,0.05,0.75,NA,NA
2018,18085,Arlington,214,2,7,Pro 320A,3,HighLevel,12.98,11.4,91.93,6182.2925,56.8,71,8.2,32.7,39,1,0,0,0,1,20,0.2,0.73,NA,NA
2018,18085,Arlington,325,3,7,Pro 320A,3,HighLevel,15.1,11.7,106.58,7167.505,59.3,74.125,8.7,34.9,41,1,0,0,0,1,1,0.01,0.47,NA,NA
2018,18085,Arlington,430,4,7,Pro 320A,3,HighLevel,13.83,11.4,97.95,6587.1375,54.7,68.375,8.5,34.1,38,1,0,0,0,1,10,0.1,0.59,NA,NA
2018,18085,Arlington,112,1,8,Pro 380,1,Current,12.08,12,84.97,5714.2325,58.8,73.5,6.3,25.2,33,1,0,0,0,1,10,0.1,0.25,NA,NA
2018,18085,Arlington,222,2,8,Pro 380,1,Current,11.9,12,83.71,5629.4975,56.2,70.25,6.6,26.4,37,1,0,0,0,10,15,1.5,0.68,NA,NA
2018,18085,Arlington,339,3,8,Pro 380,1,Current,12.43,11.9,87.53,5886.3925,58.9,73.625,6.6,26.3,36,1,0,0,0,3,5,0.15,0.48,NA,NA
2018,18085,Arlington,403,4,8,Pro 380,1,Current,13.76,11.9,96.9,6516.525,58.5,73.125,6.4,25.6,35,1,0,0,0,5,15,0.75,0.43,NA,NA
2018,18085,Arlington,123,1,8,Pro 380,2,MidLevel,13.37,12.6,93.41,6281.8225,58.9,73.625,7.1,28.3,35,1,0,0,0,1,5,0.05,0.11,NA,NA
2018,18085,Arlington,241,2,8,Pro 380,2,MidLevel,13.34,12.3,93.52,6289.22,58.6,73.25,6.7,26.8,34,1,0,0,0,1,5,0.05,0.17,NA,NA
2018,18085,Arlington,307,3,8,Pro 380,2,MidLevel,14.78,12.4,103.49,6959.7025,61.3,76.625,7,27.9,35,1,0,0,0,1,5,0.05,0.25,NA,NA
2018,18085,Arlington,420,4,8,Pro 380,2,MidLevel,14.84,12.4,103.91,6987.9475,58.9,73.625,6.7,26.9,36,1,0,0,0,1,1,0.01,0.34,NA,NA
2018,18085,Arlington,129,1,8,Pro 380,3,HighLevel,14.02,12.5,98.06,6594.535,59.6,74.5,7.3,29.2,31,1,0,0,0,0,0,0,0.11,NA,NA
2018,18085,Arlington,202,2,8,Pro 380,3,HighLevel,14.19,12.2,99.59,6697.4275,57,71.25,6.2,24.7,31,1,0,0,0,1,1,0.01,0.27,NA,NA
2018,18085,Arlington,328,3,8,Pro 380,3,HighLevel,15.28,12.4,106.99,7195.0775,61.5,76.875,7.2,28.8,34,1,0,0,0,0,0,0,0.17,NA,NA
2018,18085,Arlington,437,4,8,Pro 380,3,HighLevel,14.02,12.3,98.28,6609.33,58.1,72.625,6.8,27,33,1,0,0,0,1,1,0.01,0.22,NA,NA
2018,18085,Arlington,114,1,9,Pro 410,1,Current,11.75,11.6,83.03,5583.7675,54.8,68.5,8.6,34.5,33,1,0,0,0,5,5,0.25,1.1,NA,NA
2018,18085,Arlington,216,2,9,Pro 410,1,Current,13.58,11.7,95.85,6445.9125,54.6,68.25,9.2,36.9,34,1,0,0,0,7,35,2.45,1.9,NA,NA
2018,18085,Arlington,333,3,9,Pro 410,1,Current,13.64,12.1,95.84,6445.24,57.3,71.625,9.6,38.3,35,1,0,0,0,3,20,0.6,2,NA,NA
2018,18085,Arlington,411,4,9,Pro 410,1,Current,12.51,11.7,88.3,5938.175,56,70,9.4,37.7,34,1,0,0,0,10,25,2.5,2,NA,NA
2018,18085,Arlington,116,1,9,Pro 410,2,MidLevel,15.12,12.5,105.75,7111.6875,57.3,71.625,10.6,42.4,35,1,0,0,0,1,1,0.01,0.56,NA,NA
2018,18085,Arlington,239,2,9,Pro 410,2,MidLevel,13.26,12,93.27,6272.4075,58.6,73.25,9.2,36.7,36,1,0,0,0,1,10,0.1,0.72,NA,NA
2018,18085,Arlington,302,3,9,Pro 410,2,MidLevel,13.17,12,92.64,6230.04,55.4,69.25,9.2,36.6,35,1,0,0,0,1,7,0.07,0.39,NA,NA
2018,18085,Arlington,415,4,9,Pro 410,2,MidLevel,15.93,12.2,111.8,7518.55,56.9,71.125,10,39.8,36,1,0,0,0,5,5,0.25,0.53,NA,NA
2018,18085,Arlington,136,1,9,Pro 410,3,HighLevel,14.74,12.4,103.21,6940.8725,58.2,72.75,10.6,42.4,34,1,0,0,0,1,10,0.1,0.43,NA,NA
2018,18085,Arlington,206,2,9,Pro 410,3,HighLevel,16.65,12.5,116.45,7831.2625,58.8,73.5,9.7,38.9,35,1,0,0,0,1,10,0.1,0.8,NA,NA
2018,18085,Arlington,317,3,9,Pro 410,3,HighLevel,17.76,12.6,124.08,8344.38,60.6,75.75,10.1,40.3,35,1,0,0,0,1,5,0.05,0.77,NA,NA
2018,18085,Arlington,436,4,9,Pro 410,3,HighLevel,14.24,12.1,100.05,6728.3625,57.2,71.5,9.4,37.5,34,1,0,0,0,1,5,0.05,1.4,NA,NA
2018,18085,Arlington,103,1,10,SY 547,1,Current,14.17,11.4,100.35,6748.5375,58.4,73,8.3,33.1,36,1,0,0,0,1,15,0.15,0.81,NA,NA
2018,18085,Arlington,223,2,10,SY 547,1,Current,13.08,11.4,92.63,6229.3675,54.5,68.125,8.2,32.7,38,1,0,0,0,1,5,0.05,1.6,NA,NA
2018,18085,Arlington,335,3,10,SY 547,1,Current,14.02,11.6,99.07,6662.4575,57.8,72.25,8.7,34.9,37,1,0,0,0,3,15,0.45,1.5,NA,NA
2018,18085,Arlington,404,4,10,SY 547,1,Current,13.88,11.5,98.19,6603.2775,57.2,71.5,8.6,34.2,37,1,0,0,0,3,10,0.3,1.9,NA,NA
2018,18085,Arlington,126,1,10,SY 547,2,MidLevel,14.61,11.9,102.89,6919.3525,59,73.75,8.6,34.4,35,1,0,0,0,0,0,0,0.38,NA,NA
2018,18085,Arlington,237,2,10,SY 547,2,MidLevel,13.48,11.8,95.04,6391.44,56.1,70.125,8.1,32.6,36,1,0,0,0,1,5,0.05,0.62,NA,NA
2018,18085,Arlington,304,3,10,SY 547,2,MidLevel,15.79,11.8,111.32,7486.27,58.9,73.625,8.7,34.9,37,1,0,0,0,1,1,0.01,1.1,NA,NA
2018,18085,Arlington,416,4,10,SY 547,2,MidLevel,15.25,11.9,107.39,7221.9775,56.4,70.5,9,35.8,37,1,0,0,0,1,1,0.01,0.42,NA,NA
2018,18085,Arlington,137,1,10,SY 547,3,HighLevel,13.71,11.8,96.66,6500.385,57.5,71.875,8.3,33.3,34,1,0,0,0,1,1,0.01,0.87,NA,NA
2018,18085,Arlington,203,2,10,SY 547,3,HighLevel,15.75,11.7,111.17,7476.1825,59.4,74.25,8.1,32.5,33,1,0,0,0,0,0,0,0.54,NA,NA
2018,18085,Arlington,326,3,10,SY 547,3,HighLevel,15.1,11.9,106.34,7151.365,59.8,74.75,8.2,32.6,35,1,0,0,0,0,0,0,1.1,NA,NA
2018,18085,Arlington,435,4,10,SY 547,3,HighLevel,15.92,11.7,112.37,7556.8825,59.9,74.875,8.3,33.3,37,1,0,0,0,0,0,0,0.97,NA,NA
2018,18085,Arlington,113,1,11,Harpoon,1,Current,11.41,11.4,80.81,5434.4725,53.7,67.125,8.3,33.2,32,1,0,0,0,0,0,0,0.38,NA,NA
2018,18085,Arlington,215,2,11,Harpoon,1,Current,13.53,11.5,95.71,6436.4975,53.6,67,8.2,33,34,1,0,0,0,0,0,0,0.79,NA,NA
2018,18085,Arlington,330,3,11,Harpoon,1,Current,13.39,11.5,94.72,6369.92,54,67.5,8.3,33.4,34,1,0,0,0,1,10,0.1,1.2,NA,NA
2018,18085,Arlington,406,4,11,Harpoon,1,Current,12.99,11.3,92.1,6193.725,53.9,67.375,8.6,34.4,34,1,0,0,0,0,0,0,0.89,NA,NA
2018,18085,Arlington,122,1,11,Harpoon,2,MidLevel,13.17,11.6,93.06,6258.285,55.6,69.5,9.3,37.3,32,1,0,0,0,1,1,0.01,0.16,NA,NA
2018,18085,Arlington,230,2,11,Harpoon,2,MidLevel,14.48,11.7,102.2,6872.95,55.4,69.25,8.4,33.6,35,1,0,0,0,1,1,0.01,0.36,NA,NA
2018,18085,Arlington,313,3,11,Harpoon,2,MidLevel,13.89,11.6,98.15,6600.5875,55.7,69.625,8.6,34.3,33,1,0,0,0,1,1,0.01,0.33,NA,NA
2018,18085,Arlington,423,4,11,Harpoon,2,MidLevel,14.33,11.7,101.14,6801.665,55.1,68.875,8.6,34.4,35,1,0,0,0,0,0,0,0.44,NA,NA
2018,18085,Arlington,130,1,11,Harpoon,3,HighLevel,14.05,11.8,99.05,6661.1125,55.7,69.625,8.6,34.5,31,1,0,0,0,0,0,0,0.21,NA,NA
2018,18085,Arlington,209,2,11,Harpoon,3,HighLevel,14.6,11.7,103.05,6930.1125,56.4,70.5,8.4,33.4,33,1,0,0,0,0,0,0,0.2,NA,NA
2018,18085,Arlington,321,3,11,Harpoon,3,HighLevel,16.14,11.8,113.79,7652.3775,59,73.75,8.8,35.3,33,1,0,0,0,1,1,0.01,0.29,NA,NA
2018,18085,Arlington,429,4,11,Harpoon,3,HighLevel,14.4,11.6,101.75,6842.6875,55.6,69.5,8.4,33.4,32,1,0,0,0,0,0,0,0.35,NA,NA
2018,18085,Arlington,107,1,12,Red Devil,1,Current,11.69,11.4,82.79,5567.6275,57,71.25,7.1,28.6,37,1,0,0,0,1,1,0.01,1.3,NA,NA
2018,18085,Arlington,224,2,12,Red Devil,1,Current,12.71,11.4,90.01,6053.1725,58.2,72.75,6.7,27,39,1,0,0,0,3,5,0.15,2.3,NA,NA
2018,18085,Arlington,342,3,12,Red Devil,1,Current,11.51,11.5,81.42,5475.495,58,72.5,7,27.9,37,1,0,0,0,3,5,0.15,1.8,NA,NA
2018,18085,Arlington,409,4,12,Red Devil,1,Current,11.49,11.5,81.28,5466.08,55,68.75,7,28,39,1,0,0,0,10,10,1,2.2,NA,NA
2018,18085,Arlington,120,1,12,Red Devil,2,MidLevel,14.15,11.9,99.65,6701.4625,59.6,74.5,7.7,30.6,35,1,0,0,0,1,1,0.01,0.43,NA,NA
2018,18085,Arlington,231,2,12,Red Devil,2,MidLevel,14.63,11.9,103.03,6928.7675,60.4,75.5,7.2,28.6,40,1,0,0,0,1,5,0.05,0.99,NA,NA
2018,18085,Arlington,314,3,12,Red Devil,2,MidLevel,14.05,11.9,98.94,6653.715,61,76.25,7.7,30.9,36,1,0,0,0,1,1,0.01,0.51,NA,NA
2018,18085,Arlington,418,4,12,Red Devil,2,MidLevel,15.49,11.8,109.21,7344.3725,60.4,75.5,7.5,30.1,38,1,0,0,0,1,1,0.01,1.1,NA,NA
2018,18085,Arlington,138,1,12,Red Devil,3,HighLevel,15.31,11.9,107.82,7250.895,61.2,76.5,7.1,28.4,36,1,0,0,0,0,0,0,0.82,NA,NA
2018,18085,Arlington,204,2,12,Red Devil,3,HighLevel,15.9,11.9,111.97,7529.9825,60.8,76,6.9,27.6,34,1,0,0,0,0,0,0,1.3,NA,NA
2018,18085,Arlington,315,3,12,Red Devil,3,HighLevel,14.87,12,104.6,7034.35,58.1,72.625,7.4,29.4,36,1,0,0,0,0,0,0,0.62,NA,NA
2018,18085,Arlington,439,4,12,Red Devil,3,HighLevel,15.24,11.8,107.44,7225.34,60.8,76,7.6,30.3,36,1,0,0,0,0,0,0,1,NA,NA
2018,18085,Arlington,109,1,13,Sunburst,1,Current,10.06,11.7,71.01,4775.4225,53.9,67.375,6.9,27.7,29,1,0,0,0,7,5,0.35,2.7,NA,NA
2018,18085,Arlington,226,2,13,Sunburst,1,Current,12.68,12,89.19,5998.0275,59,73.75,7.8,31.4,32,1,0,0,0,1,10,0.1,2.1,NA,NA
2018,18085,Arlington,334,3,13,Sunburst,1,Current,12.2,11.8,86.01,5784.1725,56.3,70.375,7.5,30.2,33,1,0,0,0,3,10,0.3,2.4,NA,NA
2018,18085,Arlington,414,4,13,Sunburst,1,Current,11.91,11.7,84.06,5653.035,57.7,72.125,7.3,29.3,32,1,0,0,0,1,10,0.1,2.2,NA,NA
2018,18085,Arlington,118,1,13,Sunburst,2,MidLevel,15.59,12.5,109.04,7332.94,61.4,76.75,8.3,33,29,1,0,0,0,0,0,0,0.87,NA,NA
2018,18085,Arlington,242,2,13,Sunburst,2,MidLevel,14.06,12.3,98.56,6628.16,61.5,76.875,7.7,30.8,32,1,0,0,0,0,0,0,1.1,NA,NA
2018,18085,Arlington,303,3,13,Sunburst,2,MidLevel,16.08,12.6,112.34,7554.865,60.7,75.875,7.8,31.4,33,1,0,0,0,0,0,0,0.87,NA,NA
2018,18085,Arlington,421,4,13,Sunburst,2,MidLevel,15.96,12.5,111.63,7507.1175,61.9,77.375,8.3,33.2,33,1,0,0,0,1,5,0.05,1.2,NA,NA
2018,18085,Arlington,135,1,13,Sunburst,3,HighLevel,15.84,12.6,110.66,7441.885,62.3,77.875,8.4,33.6,29,1,0,0,0,1,1,0.01,0.55,NA,NA
2018,18085,Arlington,212,2,13,Sunburst,3,HighLevel,15.87,12.9,110.49,7430.4525,62,77.5,8,31.9,32,1,0,0,0,1,1,0.01,1.3,NA,NA
2018,18085,Arlington,322,3,13,Sunburst,3,HighLevel,15.04,13.3,104.23,7009.4675,58.7,73.375,8.2,32.8,31,1,0,0,0,1,5,0.05,1.2,NA,NA
2018,18085,Arlington,441,4,13,Sunburst,3,HighLevel,16.01,12.6,111.85,7521.9125,60.9,76.125,8.6,34.3,31,1,0,0,0,1,5,0.05,1.2,NA,NA
2018,18085,Arlington,110,1,14,Whale,1,Current,13.16,11.4,93.2,6267.7,56,70,8,32.1,35,1,0,0,0,1,10,0.1,2.5,NA,NA
2018,18085,Arlington,220,2,14,Whale,1,Current,15.2,11.9,107.04,7198.44,56.2,70.25,8.6,34.2,35,1,0,0,0,3,5,0.15,1.1,NA,NA
2018,18085,Arlington,331,3,14,Whale,1,Current,14.38,11.5,101.73,6841.3425,56.1,70.125,8.2,32.7,36,1,0,0,0,5,10,0.5,3.1,NA,NA
2018,18085,Arlington,402,4,14,Whale,1,Current,12.92,11.4,91.5,6153.375,52.5,65.625,8,32.2,36,1,0,0,0,5,15,0.75,2.9,NA,NA
2018,18085,Arlington,121,1,14,Whale,2,MidLevel,15.59,11.9,109.79,7383.3775,59,73.75,8.9,35.5,32,1,0,0,0,1,5,0.05,1.1,NA,NA
2018,18085,Arlington,235,2,14,Whale,2,MidLevel,15.91,12,111.91,7525.9475,58.5,73.125,8.4,33.6,36,1,0,0,0,1,1,0.01,1.5,NA,NA
2018,18085,Arlington,312,3,14,Whale,2,MidLevel,15.36,12,108.05,7266.3625,58.8,73.5,8.5,33.9,36,1,0,0,0,1,5,0.05,1.2,NA,NA
2018,18085,Arlington,419,4,14,Whale,2,MidLevel,16.69,11.9,117.53,7903.8925,58.7,73.375,8.5,33.9,35,1,0,0,0,1,10,0.1,1.2,NA,NA
2018,18085,Arlington,140,1,14,Whale,3,HighLevel,15.46,12.2,108.5,7296.625,58.5,73.125,7.7,30.7,34,1,0,0,0,1,1,0.01,1.6,NA,NA
2018,18085,Arlington,207,2,14,Whale,3,HighLevel,16.88,12.2,118.47,7967.1075,58.7,73.375,8.2,32.9,35,1,0,0,0,1,10,0.1,1.5,NA,NA
2018,18085,Arlington,320,3,14,Whale,3,HighLevel,15.69,11.9,110.49,7430.4525,57.4,71.75,8.4,33.6,36,1,0,0,0,1,1,0.01,1.4,NA,NA
2018,18085,Arlington,442,4,14,Whale,3,HighLevel,15.41,12.1,108.27,7281.1575,58.7,73.375,8.2,32.8,35,1,0,0,0,1,10,0.1,2,NA,NA
2019,19084,Arlington,113,1,1,SRW9606,1,Current,12.22,14.4,83.61,5622.7725,51.8,64.75,8,32,32,1,0,0,0,3,25,0.75,2,NA,NA
2019,19084,Arlington,236,2,1,SRW9606,1,Current,13.39,15.4,90.55,6089.4875,50.7,63.375,8.2,32.7,35,1,0,0,0,3,25,0.75,0.76,NA,NA
2019,19084,Arlington,315,3,1,SRW9606,1,Current,12.84,15.4,86.83,5839.3175,51.1,63.875,8.5,33.9,35,1,0,0,0,3,15,0.45,0.99,NA,NA
2019,19084,Arlington,437,4,1,SRW9606,1,Current,14.14,15.1,95.96,6453.31,51.6,64.5,8.6,34.5,33,1,0,0,0,3,10,0.3,1.9,NA,NA
2019,19084,Arlington,126,1,1,SRW9606,2,MidLevel,15.03,14.7,102.48,6891.78,55.2,69,9.3,37.2,35,1,0,0,0,1,5,0.05,0.45,NA,NA
2019,19084,Arlington,208,2,1,SRW9606,2,MidLevel,15.75,15.6,106.26,7145.985,53.3,66.625,9,36.2,35,1,0,0,0,1,5,0.05,0.53,NA,NA
2019,19084,Arlington,309,3,1,SRW9606,2,MidLevel,15.8,15.3,106.97,7193.7325,53.6,67,8.3,33.3,35,1,0,0,0,1,10,0.1,0.35,NA,NA
2019,19084,Arlington,416,4,1,SRW9606,2,MidLevel,13.36,15.6,90.13,6061.2425,54.2,67.75,9.9,39.4,33,1,0,0,0,0,0,0,0.42,NA,NA
2019,19084,Arlington,140,1,1,SRW9606,3,HighLevel,16.88,14.9,114.82,7721.645,55.9,69.875,8.9,35.5,36,1,0,0,0,1,1,0.01,0.65,NA,NA
2019,19084,Arlington,226,2,1,SRW9606,3,HighLevel,16.6,14.8,113.05,7602.6125,55.5,69.375,8.3,33.2,35,1,0,0,0,0,0,0,0.95,NA,NA
2019,19084,Arlington,331,3,1,SRW9606,3,HighLevel,14.75,15.1,100.1,6731.725,55.4,69.25,8.9,35.6,33,1,0,0,0,1,1,0.01,0.14,NA,NA
2019,19084,Arlington,407,4,1,SRW9606,3,HighLevel,15.12,14.4,103.46,6957.685,56.2,70.25,9.1,36.4,35,1,0,0,0,0,0,0,0.52,NA,NA
2019,19084,Arlington,103,1,2,FS624,1,Current,11.23,15.1,76.21,5125.1225,51.9,64.875,8.6,34.2,35,1,0,0,0,5,15,0.75,2.7,NA,NA
2019,19084,Arlington,240,2,2,FS624,1,Current,13.66,14.8,93.03,6256.2675,52.6,65.75,8.4,33.7,37,1,0,0,0,5,10,0.5,2.1,NA,NA
2019,19084,Arlington,316,3,2,FS624,1,Current,12.89,15.6,86.96,5848.06,52,65,9.1,36.5,36,1,0,0,0,3,15,0.45,0.85,NA,NA
2019,19084,Arlington,434,4,2,FS624,1,Current,13.3,15.1,90.26,6069.985,53.4,66.75,9.2,36.8,38,1,0,0,0,3,15,0.45,3,NA,NA
2019,19084,Arlington,115,1,2,FS624,2,MidLevel,15.15,16.1,101.6,6832.6,54.3,67.875,10.3,41,36,1,0,0,0,1,5,0.05,0.61,NA,NA
2019,19084,Arlington,214,2,2,FS624,2,MidLevel,16.62,15.6,112.13,7540.7425,56,70,10.5,41.9,37,1,0,0,0,1,1,0.01,0.53,NA,NA
2019,19084,Arlington,302,3,2,FS624,2,MidLevel,16.15,16.5,107.79,7248.8775,54.9,68.625,9.8,39.4,37,1,0,0,0,1,10,0.1,0.34,NA,NA
2019,19084,Arlington,421,4,2,FS624,2,MidLevel,15.5,15.3,104.94,7057.215,55.9,69.875,9.8,39.3,36,1,0,0,0,0,0,0,0.4,NA,NA
2019,19084,Arlington,139,1,2,FS624,3,HighLevel,18.37,16.9,122.02,8205.845,55.9,69.875,10,39.8,38,1,0,0,0,0,0,0,0.74,NA,NA
2019,19084,Arlington,218,2,2,FS624,3,HighLevel,17.54,16.2,117.49,7901.2025,56.5,70.625,10.1,40.6,38,1,0,0,0,0,0,0,0.42,NA,NA
2019,19084,Arlington,336,3,2,FS624,3,HighLevel,16.25,16.8,108.07,7267.7075,55.3,69.125,10.2,40.9,35,1,0,0,0,0,0,0,0.44,NA,NA
2019,19084,Arlington,412,4,2,FS624,3,HighLevel,15.78,15.6,106.46,7159.435,57.7,72.125,10.8,43.1,33,1,0,0,0,0,0,0,0.24,NA,NA
2019,19084,Arlington,106,1,3,KF 15241,1,Current,12.7,15.5,85.78,5768.705,55,68.75,7.9,31.4,36,1,0,0,0,3,10,0.3,0.22,NA,NA
2019,19084,Arlington,235,2,3,KF 15241,1,Current,14.23,15.2,96.46,6486.935,55.6,69.5,8.3,33.1,40,1,0,0,0,1,1,0.01,0.19,NA,NA
2019,19084,Arlington,324,3,3,KF 15241,1,Current,13.43,15.7,90.5,6086.125,54.2,67.75,7.8,31,39,1,0,0,0,1,5,0.05,0.51,NA,NA
2019,19084,Arlington,441,4,3,KF 15241,1,Current,14.76,15.2,100.05,6728.3625,55,68.75,7.6,30.3,42,1,0,0,0,1,10,0.1,0.71,NA,NA
2019,19084,Arlington,125,1,3,KF 15241,2,MidLevel,14.57,15.9,97.95,6587.1375,56.8,71,7.9,31.7,36,1,0,0,0,0,0,0,0.11,NA,NA
2019,19084,Arlington,202,2,3,KF 15241,2,MidLevel,14.52,16.1,97.38,6548.805,55.9,69.875,7.8,31.2,38,1,0,0,0,0,0,0,0.05,NA,NA
2019,19084,Arlington,303,3,3,KF 15241,2,MidLevel,14.88,16.1,99.79,6710.8775,56.4,70.5,8.2,32.8,39,1,0,0,0,0,0,0,0.08,NA,NA
2019,19084,Arlington,424,4,3,KF 15241,2,MidLevel,15.07,15.8,101.43,6821.1675,55.9,69.875,8.3,33.2,40,1,0,0,0,0,0,0,0.18,NA,NA
2019,19084,Arlington,135,1,3,KF 15241,3,HighLevel,13.04,15.2,88.39,5944.2275,56,70,7.4,29.8,37,1,0,0,0,0,0,0,0.06,NA,NA
2019,19084,Arlington,225,2,3,KF 15241,3,HighLevel,14.83,15.7,99.93,6720.2925,55.8,69.75,7.1,28.4,39,1,0,0,0,0,0,0,0.05,NA,NA
2019,19084,Arlington,339,3,3,KF 15241,3,HighLevel,14.95,16.1,100.26,6742.485,56.9,71.125,8.2,32.8,39,1,0,0,0,0,0,0,0,NA,NA
2019,19084,Arlington,403,4,3,KF 15241,3,HighLevel,14.57,16,97.83,6579.0675,57.2,71.5,8.3,33.1,37,1,0,0,0,0,0,0,0,NA,NA
2019,19084,Arlington,114,1,4,KF 15639,1,Current,13.83,14.3,94.74,6371.265,55.1,68.875,8.8,35.1,40,1,0,0,0,3,15,0.45,1,NA,NA
2019,19084,Arlington,241,2,4,KF 15639,1,Current,14.82,14.7,101.05,6795.6125,55.8,69.75,8.7,34.9,44,1,0,0,0,5,15,0.75,0.57,NA,NA
2019,19084,Arlington,320,3,4,KF 15639,1,Current,14.25,14.6,97.28,6542.08,56.6,70.75,8.9,35.7,44,1,0,0,0,3,15,0.45,0.59,NA,NA
2019,19084,Arlington,439,4,4,KF 15639,1,Current,15.37,14.9,104.55,7030.9875,55.2,69,8.7,34.7,44,1,0,0,0,1,5,0.05,1.3,NA,NA
2019,19084,Arlington,127,1,4,KF 15639,2,MidLevel,15.94,14.8,108.56,7300.66,58.9,73.625,9.3,37.2,31,1,0,0,0,0,0,0,0.06,NA,NA
2019,19084,Arlington,206,2,4,KF 15639,2,MidLevel,15.85,14.9,107.82,7250.895,58.7,73.375,9.4,37.5,43,1,0,0,0,1,5,0.05,0.22,NA,NA
2019,19084,Arlington,311,3,4,KF 15639,2,MidLevel,16.86,15.1,114.42,7694.745,58.6,73.25,8.8,35.2,44,1,0,0,0,1,1,0.01,0.09,NA,NA
2019,19084,Arlington,418,4,4,KF 15639,2,MidLevel,15.64,15,106.26,7145.985,59.2,74,8.9,35.6,43,1,0,0,0,0,0,0,0.13,NA,NA
2019,19084,Arlington,130,1,4,KF 15639,3,HighLevel,16.14,15.4,109.15,7340.3375,58.7,73.375,9.1,36.3,39,1,0,0,0,1,5,0.05,0.23,NA,NA
2019,19084,Arlington,216,2,4,KF 15639,3,HighLevel,16.58,15.3,112.25,7548.8125,58.1,72.625,8.5,34.1,37,1,0,0,0,0,0,0,0.33,NA,NA
2019,19084,Arlington,342,3,4,KF 15639,3,HighLevel,16.6,14.6,113.32,7620.77,59.3,74.125,9.1,36.5,43,1,0,0,0,1,1,0.01,0.25,NA,NA
2019,19084,Arlington,411,4,4,KF 15639,3,HighLevel,16.81,15.3,113.81,7653.7225,59.5,74.375,9.4,37.6,41,1,0,0,0,1,5,0.05,0.09,NA,NA
2019,19084,Arlington,108,1,5,735,1,Current,14.36,15.2,97.34,6546.115,50.5,63.125,8.5,33.8,35,1,0,0,0,3,10,0.3,0.48,NA,NA
2019,19084,Arlington,239,2,5,735,1,Current,15.6,14.4,106.74,7178.265,53.3,66.625,7.6,30.5,34,1,0,0,0,1,5,0.05,0.57,NA,NA
2019,19084,Arlington,318,3,5,735,1,Current,14.26,14.2,97.8,6577.05,53.4,66.75,7.7,31,36,1,0,0,0,3,10,0.3,0.34,NA,NA
2019,19084,Arlington,431,4,5,735,1,Current,14.04,14.4,96.07,6460.7075,52.8,66,8.2,32.6,34,1,0,0,0,1,5,0.05,0.31,NA,NA
2019,19084,Arlington,117,1,5,735,2,MidLevel,15.1,14.9,102.72,6907.92,54.8,68.5,8.9,35.6,33,1,0,0,0,0,0,0,0.11,NA,NA
2019,19084,Arlington,201,2,5,735,2,MidLevel,15.46,15.3,104.67,7039.0575,53.6,67,8.7,34.8,36,1,0,0,0,1,5,0.05,0.12,NA,NA
2019,19084,Arlington,312,3,5,735,2,MidLevel,16.84,14.4,115.23,7749.2175,55.2,69,8.5,34,36,1,0,0,0,0,0,0,0.1,NA,NA
2019,19084,Arlington,415,4,5,735,2,MidLevel,15.97,15.7,107.61,7236.7725,54.3,67.875,9.2,36.6,33,1,0,0,0,0,0,0,0.04,NA,NA
2019,19084,Arlington,131,1,5,735,3,HighLevel,16,15,108.71,7310.7475,54.3,67.875,8.5,33.9,34,1,0,0,0,0,0,0,0.14,NA,NA
2019,19084,Arlington,223,2,5,735,3,HighLevel,15.75,15.3,106.63,7170.8675,54.7,68.375,7.5,30.1,35,1,0,0,0,0,0,0,0.26,NA,NA
2019,19084,Arlington,335,3,5,735,3,HighLevel,15.79,14.1,108.42,7291.245,55.9,69.875,8.1,32.4,38,1,0,0,0,0,0,0,0.2,NA,NA
2019,19084,Arlington,405,4,5,735,3,HighLevel,15.07,14.6,102.87,6918.0075,55.9,69.875,8.8,35,34,1,0,0,0,1,1,0.01,0.16,NA,NA
2019,19084,Arlington,111,1,6,776,1,Current,12.95,14.5,88.5,5951.625,51.5,64.375,7.6,30.6,36,1,0,0,0,3,15,0.45,0.52,NA,NA
2019,19084,Arlington,238,2,6,776,1,Current,13.95,14.8,95,6388.75,52.5,65.625,7.9,31.6,38,1,0,0,0,1,5,0.05,0.31,NA,NA
2019,19084,Arlington,327,3,6,776,1,Current,14.43,14.4,98.74,6640.265,53.6,67,8.4,33.7,37,1,0,0,0,1,10,0.1,0.28,NA,NA
2019,19084,Arlington,438,4,6,776,1,Current,13.93,14.6,95.09,6394.8025,51.7,64.625,7.4,29.8,37,1,0,0,0,1,10,0.1,0.71,NA,NA
2019,19084,Arlington,121,1,6,776,2,MidLevel,15.3,14.8,104.2,7007.45,55.4,69.25,9.1,36.6,36,1,0,0,0,0,0,0,0.24,NA,NA
2019,19084,Arlington,205,2,6,776,2,MidLevel,15.4,15,104.63,7036.3675,55.5,69.375,9.5,37.8,34,1,0,0,0,1,10,0.1,0.31,NA,NA
2019,19084,Arlington,301,3,6,776,2,MidLevel,15.55,15.5,105.03,7063.2675,53.6,67,8.8,35.3,38,1,0,0,0,0,0,0,0.06,NA,NA
2019,19084,Arlington,422,4,6,776,2,MidLevel,14.4,15.5,97.26,6540.735,54,67.5,9.6,38.4,35,1,0,0,0,1,1,0.01,0.06,NA,NA
2019,19084,Arlington,134,1,6,776,3,HighLevel,16.74,15,113.74,7649.015,55.7,69.625,7.9,31.6,36,1,0,0,0,1,1,0.01,0.33,NA,NA
2019,19084,Arlington,227,2,6,776,3,HighLevel,18.23,15.3,123.42,8299.995,54.7,68.375,8.4,33.4,39,1,0,0,0,0,0,0,0.25,NA,NA
2019,19084,Arlington,341,3,6,776,3,HighLevel,15.7,15,106.67,7173.5575,56.2,70.25,9,36,35,1,0,0,0,0,0,0,0.14,NA,NA
2019,19084,Arlington,414,4,6,776,3,HighLevel,16.99,14.8,115.71,7781.4975,55.7,69.625,8.8,35.4,38,1,0,0,0,1,1,0.01,0.19,NA,NA
2019,19084,Arlington,105,1,7,PR25R40,1,Current,12.72,14.3,87.14,5860.165,52.5,65.625,9,36.1,32,1,0,0,0,10,25,2.5,2.3,NA,NA
2019,19084,Arlington,242,2,7,PR25R40,1,Current,14.67,14.1,100.73,6774.0925,53.4,66.75,8.8,35.2,33,1,0,0,0,5,15,0.75,1.6,NA,NA
2019,19084,Arlington,325,3,7,PR25R40,1,Current,14.17,14.6,96.73,6505.0925,52.5,65.625,8.2,32.6,32,1,0,0,0,1,5,0.05,1.3,NA,NA
2019,19084,Arlington,435,4,7,PR25R40,1,Current,14.1,14.2,96.7,6503.075,54.4,68,8.7,34.8,33,1,0,0,0,1,5,0.05,1.2,NA,NA
2019,19084,Arlington,122,1,7,PR25R40,2,MidLevel,16.27,15.6,109.76,7381.36,54.1,67.625,9.7,39,33,1,0,0,0,0,0,0,0.77,NA,NA
2019,19084,Arlington,207,2,7,PR25R40,2,MidLevel,16.52,14.7,112.64,7575.04,56.2,70.25,9.6,38.5,34,1,0,0,0,1,5,0.05,0.87,NA,NA
2019,19084,Arlington,307,3,7,PR25R40,2,MidLevel,15.59,14.2,106.92,7190.37,56.7,70.875,9.2,36.7,32,1,0,0,0,0,0,0,0.19,NA,NA
2019,19084,Arlington,425,4,7,PR25R40,2,MidLevel,16.7,14.8,113.73,7648.3425,56.1,70.125,9,35.8,33,1,0,0,0,1,5,0.05,0.81,NA,NA
2019,19084,Arlington,136,1,7,PR25R40,3,HighLevel,17.07,15.9,114.75,7716.9375,55.6,69.5,10.2,40.8,32,1,0,0,0,1,10,0.1,1.7,NA,NA
2019,19084,Arlington,228,2,7,PR25R40,3,HighLevel,18.35,15,124.68,8384.73,56.7,70.875,9.6,38.4,34,1,0,0,0,1,5,0.05,0.7,NA,NA
2019,19084,Arlington,340,3,7,PR25R40,3,HighLevel,16.88,14.8,114.96,7731.06,57.5,71.875,10.1,40.4,33,1,0,0,0,3,5,0.15,0.36,NA,NA
2019,19084,Arlington,401,4,7,PR25R40,3,HighLevel,15.86,15.8,106.74,7178.265,56,70,9.8,39.4,32,1,0,0,0,1,5,0.05,0.74,NA,NA
2019,19084,Arlington,102,1,8,Pro 260,1,Current,11.8,15.3,79.89,5372.6025,51.7,64.625,8.5,34,35,1,0,0,0,5,15,0.75,1.1,NA,NA
2019,19084,Arlington,232,2,8,Pro 260,1,Current,13.27,14.7,90.48,6084.78,52.3,65.375,7.7,30.9,36,1,0,0,0,5,10,0.5,0.73,NA,NA
2019,19084,Arlington,326,3,8,Pro 260,1,Current,13.02,14.4,89.09,5991.3025,53.9,67.375,9,35.9,34,1,0,0,0,5,25,1.25,0.55,NA,NA
2019,19084,Arlington,442,4,8,Pro 260,1,Current,13.87,14.2,95.13,6397.4925,52.9,66.125,8.4,33.8,37,1,0,0,0,3,25,0.75,1.3,NA,NA
2019,19084,Arlington,124,1,8,Pro 260,2,MidLevel,14.76,15.1,100.17,6736.4325,54.8,68.5,9.6,38.6,35,1,0,0,0,1,1,0.01,0.21,NA,NA
2019,19084,Arlington,209,2,8,Pro 260,2,MidLevel,15.72,15,106.81,7182.9725,54.1,67.625,8.8,35.2,37,1,0,0,0,0,0,0,0.29,NA,NA
2019,19084,Arlington,304,3,8,Pro 260,2,MidLevel,15.08,14.6,102.94,6922.715,54.7,68.375,8.3,33.3,35,1,0,0,0,0,0,0,0.4,NA,NA
2019,19084,Arlington,426,4,8,Pro 260,2,MidLevel,15.78,14.4,107.97,7260.9825,55.4,69.25,9.2,36.8,34,1,0,0,0,0,0,0,0.43,NA,NA
2019,19084,Arlington,133,1,8,Pro 260,3,HighLevel,16.22,14.5,110.85,7454.6625,55.5,69.375,8.9,35.5,35,1,0,0,0,0,0,0,0.45,NA,NA
2019,19084,Arlington,220,2,8,Pro 260,3,HighLevel,16.23,14.5,110.92,7459.37,54.7,68.375,8.9,35.5,36,1,0,0,0,0,0,0,0.3,NA,NA
2019,19084,Arlington,329,3,8,Pro 260,3,HighLevel,14.99,15.2,101.61,6833.2725,54.8,68.5,8.9,35.6,35,1,0,0,0,0,0,0,0.11,NA,NA
2019,19084,Arlington,409,4,8,Pro 260,3,HighLevel,15.01,15.3,101.62,6833.945,55.5,69.375,9.4,37.6,35,1,0,0,0,0,0,0,0.24,NA,NA
2019,19084,Arlington,107,1,9,Pro 410,1,Current,12.54,14.6,85.6,5756.6,52.7,65.875,9.2,36.6,35,1,0,0,0,3,20,0.6,2.2,NA,NA
2019,19084,Arlington,229,2,9,Pro 410,1,Current,12.18,15.8,81.98,5513.155,50.1,62.625,9.2,36.6,35,1,0,0,0,5,25,1.25,1.1,NA,NA
2019,19084,Arlington,323,3,9,Pro 410,1,Current,13.12,15.6,88.51,5952.2975,50.9,63.625,9.4,37.7,36,1,0,0,0,3,15,0.45,1.7,NA,NA
2019,19084,Arlington,440,4,9,Pro 410,1,Current,12.84,14.7,87.55,5887.7375,52.1,65.125,8.9,35.4,37,1,0,0,0,3,35,1.05,4.3,NA,NA
2019,19084,Arlington,120,1,9,Pro 410,2,MidLevel,14.21,15.2,96.32,6477.52,55.7,69.625,9.7,38.6,36,1,0,0,0,0,0,0,0.39,NA,NA
2019,19084,Arlington,204,2,9,Pro 410,2,MidLevel,16.06,16.5,107.19,7208.5275,55.3,69.125,10.1,40.2,36,1,0,0,0,3,5,0.15,0.39,NA,NA
2019,19084,Arlington,308,3,9,Pro 410,2,MidLevel,15.87,16.3,106.18,7140.605,54.4,68,10,40.1,38,1,0,0,0,0,0,0,0.23,NA,NA
2019,19084,Arlington,423,4,9,Pro 410,2,MidLevel,15.04,16,100.99,6791.5775,55.5,69.375,10.1,40.5,32,1,0,0,0,1,5,0.05,0.63,NA,NA
2019,19084,Arlington,129,1,9,Pro 410,3,HighLevel,15.51,16.5,103.52,6961.72,54.5,68.125,10,40.1,36,1,0,0,0,0,0,0,0.5,NA,NA
2019,19084,Arlington,222,2,9,Pro 410,3,HighLevel,16.11,16.9,107.01,7196.4225,53.3,66.625,9.8,39.2,37,1,0,0,0,1,5,0.05,0.15,NA,NA
2019,19084,Arlington,330,3,9,Pro 410,3,HighLevel,15.87,17.1,105.16,7072.01,55.3,69.125,10.3,41.4,37,1,0,0,0,1,5,0.05,0.54,NA,NA
2019,19084,Arlington,404,4,9,Pro 410,3,HighLevel,15.35,16.1,102.94,6922.715,57.3,71.625,9.6,38.5,35,1,0,0,0,0,0,0,0.37,NA,NA
2019,19084,Arlington,112,1,10,SY 547,1,Current,12.26,14.6,83.69,5628.1525,53.8,67.25,8.8,35.1,36,1,0,0,0,3,10,0.3,1.8,NA,NA
2019,19084,Arlington,234,2,10,SY 547,1,Current,13.6,14.5,92.95,6250.8875,54.1,67.625,8.6,34.2,39,1,0,0,0,5,5,0.25,2,NA,NA
2019,19084,Arlington,317,3,10,SY 547,1,Current,12.91,15,87.72,5899.17,54.5,68.125,9.2,36.7,38,1,0,0,0,3,10,0.3,0.63,NA,NA
2019,19084,Arlington,433,4,10,SY 547,1,Current,14.3,14.6,97.62,6564.945,54.4,68,8.5,34,39,1,0,0,0,3,5,0.15,2.1,NA,NA
2019,19084,Arlington,119,1,10,SY 547,2,MidLevel,14.9,15.1,101.12,6800.32,56.3,70.375,9.2,36.7,37,1,0,0,0,1,1,0.01,0.16,NA,NA
2019,19084,Arlington,212,2,10,SY 547,2,MidLevel,15.45,15.3,104.6,7034.35,56.1,70.125,9.5,38.1,38,1,0,0,0,1,1,0.01,0.47,NA,NA
2019,19084,Arlington,310,3,10,SY 547,2,MidLevel,15.53,15.3,105.14,7070.665,56.5,70.625,8.9,35.7,38,1,0,0,0,1,5,0.05,0.28,NA,NA
2019,19084,Arlington,427,4,10,SY 547,2,MidLevel,17.01,15.2,115.3,7753.925,56.2,70.25,8.7,34.6,41,1,0,0,0,1,1,0.01,0.48,NA,NA
2019,19084,Arlington,142,1,10,SY 547,3,HighLevel,17.69,14.9,120.33,8092.1925,56.4,70.5,8.2,32.6,39,1,0,0,0,0,0,0,0.54,NA,NA
2019,19084,Arlington,221,2,10,SY 547,3,HighLevel,15.9,15,108.03,7265.0175,56.5,70.625,8.7,34.9,40,1,0,0,0,0,0,0,0.2,NA,NA
2019,19084,Arlington,333,3,10,SY 547,3,HighLevel,14.83,15.1,100.64,6768.04,57.6,72,9.2,36.7,38,1,0,0,0,0,0,0,0.2,NA,NA
2019,19084,Arlington,406,4,10,SY 547,3,HighLevel,14.26,15.2,96.66,6500.385,57.5,71.875,9.9,39.5,37,1,0,0,0,0,0,0,0.31,NA,NA
2019,19084,Arlington,109,1,11,Harpoon,1,Current,13.96,14.9,94.96,6386.06,53,66.25,8.6,34.4,32,1,0,0,0,1,10,0.1,0.44,NA,NA
2019,19084,Arlington,237,2,11,Harpoon,1,Current,14.26,14.9,97,6523.25,53.1,66.375,8.6,34.2,43,1,0,0,0,1,5,0.05,0.48,NA,NA
2019,19084,Arlington,322,3,11,Harpoon,1,Current,13.61,15.1,92.36,6211.21,52.1,65.125,8.8,35.2,34,1,0,0,0,0,0,0,0.22,NA,NA
2019,19084,Arlington,429,4,11,Harpoon,1,Current,13.93,15.2,94.42,6349.745,53.1,66.375,8.9,35.4,34,1,0,0,0,0,0,0,0.49,NA,NA
2019,19084,Arlington,123,1,11,Harpoon,2,MidLevel,14.81,15.2,100.39,6751.2275,55.1,68.875,8.9,35.5,34,1,0,0,0,1,5,0.05,0.22,NA,NA
2019,19084,Arlington,203,2,11,Harpoon,2,MidLevel,15.64,15.2,106.01,7129.1725,55.2,69,9.4,37.6,35,1,0,0,0,1,1,0.01,0.32,NA,NA
2019,19084,Arlington,314,3,11,Harpoon,2,MidLevel,15.85,14.3,108.58,7302.005,56,70,9.2,36.8,34,1,0,0,0,0,0,0,0.09,NA,NA
2019,19084,Arlington,417,4,11,Harpoon,2,MidLevel,13.53,15,91.93,6182.2925,56.1,70.125,9.4,37.6,32,1,0,0,0,0,0,0,0.07,NA,NA
2019,19084,Arlington,132,1,11,Harpoon,3,HighLevel,16.2,15,110.07,7402.2075,55.7,69.625,9.1,36.3,34,1,0,0,0,1,1,0.01,0.14,NA,NA
2019,19084,Arlington,219,2,11,Harpoon,3,HighLevel,15.78,15,107.22,7210.545,56.2,70.25,9.3,37,34,1,0,0,0,0,0,0,0.09,NA,NA
2019,19084,Arlington,334,3,11,Harpoon,3,HighLevel,14.85,14.8,101.13,6800.9925,56.6,70.75,9.3,37.2,33,1,0,0,0,0,0,0,0.04,NA,NA
2019,19084,Arlington,402,4,11,Harpoon,3,HighLevel,14.85,15.6,100.18,6737.105,55,68.75,8.9,35.5,33,1,0,0,0,0,0,0,0.12,NA,NA
2019,19084,Arlington,104,1,12,Red Devil,1,Current,11.51,14.7,78.48,5277.78,53.2,66.5,7.1,28.5,40,1,0,0,0,10,15,1.5,1.1,NA,NA
2019,19084,Arlington,233,2,12,Red Devil,1,Current,13.79,14.5,94.25,6338.3125,55.2,69,7.5,30.1,42,1,0,0,0,3,25,0.75,0.57,NA,NA
2019,19084,Arlington,319,3,12,Red Devil,1,Current,12.57,14.3,86.11,5790.8975,55.5,69.375,7.8,31,42,1,0,0,0,3,15,0.45,0.57,NA,NA
2019,19084,Arlington,432,4,12,Red Devil,1,Current,13.27,14.6,90.59,6092.1775,53.7,67.125,7.2,28.9,43,1,0,0,0,5,10,0.5,1.8,NA,NA
2019,19084,Arlington,116,1,12,Red Devil,2,MidLevel,14.62,15,99.33,6679.9425,56.3,70.375,7.9,31.6,40,1,0,0,0,1,5,0.05,0.23,NA,NA
2019,19084,Arlington,211,2,12,Red Devil,2,MidLevel,15.63,14.9,106.32,7150.02,56.5,70.625,7.3,29,42,1,0,0,0,1,5,0.05,0.45,NA,NA
2019,19084,Arlington,305,3,12,Red Devil,2,MidLevel,14.74,14.5,100.74,6774.765,56.5,70.625,7.4,29.5,42,1,0,0,0,0,0,0,0.26,NA,NA
2019,19084,Arlington,419,4,12,Red Devil,2,MidLevel,14.76,14.5,100.88,6784.18,57.4,71.75,7.8,31.3,43,1,0,0,0,0,0,0,0.33,NA,NA
2019,19084,Arlington,141,1,12,Red Devil,3,HighLevel,16.15,14.5,110.37,7422.3825,55.9,69.875,6.9,27.6,43,1,0,0,0,0,0,0,0.43,NA,NA
2019,19084,Arlington,215,2,12,Red Devil,3,HighLevel,15.12,15.3,102.37,6884.3825,54.6,68.25,7.3,29.2,41,1,0,0,0,0,0,0,0.54,NA,NA
2019,19084,Arlington,338,3,12,Red Devil,3,HighLevel,15.02,15.1,101.93,6854.7925,57.1,71.375,7.9,31.6,41,1,0,0,0,1,1,0.01,0.12,NA,NA
2019,19084,Arlington,408,4,12,Red Devil,3,HighLevel,14.78,15.5,99.83,6713.5675,55.8,69.75,7.8,31.2,42,1,0,0,0,0,0,0,0.26,NA,NA
2019,19084,Arlington,101,1,13,Sunburst,1,Current,10.72,15.6,72.32,4863.52,54.6,68.25,8.4,33.5,33,1,0,0,0,5,10,0.5,1.5,NA,NA
2019,19084,Arlington,230,2,13,Sunburst,1,Current,11.66,15.5,78.76,5296.61,54.6,68.25,7.6,30.3,34,1,0,0,0,5,10,0.5,1.9,NA,NA
2019,19084,Arlington,328,3,13,Sunburst,1,Current,11.8,14.4,80.74,5429.765,55.3,69.125,7.5,30.1,31,1,0,0,0,3,15,0.45,2,NA,NA
2019,19084,Arlington,430,4,13,Sunburst,1,Current,12.2,15.8,82.11,5521.8975,54.9,68.625,8.1,32.4,32,1,0,0,0,5,5,0.25,2.4,NA,NA
2019,19084,Arlington,128,1,13,Sunburst,2,MidLevel,14.55,14.9,98.97,6655.7325,58,72.5,8.7,35,33,1,0,0,0,1,5,0.05,0.29,NA,NA
2019,19084,Arlington,213,2,13,Sunburst,2,MidLevel,16.11,16,108.17,7274.4325,57.9,72.375,8.2,32.9,34,1,0,0,0,0,0,0,1.2,NA,NA
2019,19084,Arlington,313,3,13,Sunburst,2,MidLevel,15.03,15.4,101.64,6835.29,58.2,72.75,7.8,31,31,1,0,0,0,1,10,0.1,0.41,NA,NA
2019,19084,Arlington,428,4,13,Sunburst,2,MidLevel,16.41,15.6,110.71,7445.2475,58.1,72.625,8.3,33.1,33,1,0,0,0,0,0,0,0.84,NA,NA
2019,19084,Arlington,138,1,13,Sunburst,3,HighLevel,15.93,16.5,106.32,7150.02,57,71.25,8.9,35.5,31,1,0,0,0,0,0,0,0.75,NA,NA
2019,19084,Arlington,217,2,13,Sunburst,3,HighLevel,15.95,16.7,106.2,7141.95,58.5,73.125,8.3,33,35,1,0,0,0,0,0,0,0.53,NA,NA
2019,19084,Arlington,337,3,13,Sunburst,3,HighLevel,14.15,16.7,94.22,6336.295,57.9,72.375,8.6,34.6,32,1,0,0,0,0,0,0,0.45,NA,NA
2019,19084,Arlington,410,4,13,Sunburst,3,HighLevel,14.09,16,94.61,6362.5225,59.5,74.375,9,36.1,32,1,0,0,0,0,0,0,0.19,NA,NA
2019,19084,Arlington,110,1,14,Whale,1,Current,11.66,14.8,79.41,5340.3225,51.5,64.375,8,32,31,1,0,0,0,3,10,0.3,1.2,NA,NA
2019,19084,Arlington,231,2,14,Whale,1,Current,14,15,95.12,6396.82,53.2,66.5,7.9,31.6,38,1,0,0,0,1,10,0.1,1.2,NA,NA
2019,19084,Arlington,321,3,14,Whale,1,Current,13.08,14.1,89.81,6039.7225,54.1,67.625,8,31.8,38,1,0,0,0,1,10,0.1,0.69,NA,NA
2019,19084,Arlington,436,4,14,Whale,1,Current,13.59,15.3,92.01,6187.6725,51.6,64.5,7.6,30.4,36,1,0,0,0,1,10,0.1,2.2,NA,NA
2019,19084,Arlington,118,1,14,Whale,2,MidLevel,14.49,15.1,98.33,6612.6925,55.5,69.375,8.4,33.4,35,1,0,0,0,0,0,0,0.23,NA,NA
2019,19084,Arlington,210,2,14,Whale,2,MidLevel,16.49,15.7,111.12,7472.82,55,68.75,8.3,33,37,1,0,0,0,0,0,0,0.47,NA,NA
2019,19084,Arlington,306,3,14,Whale,2,MidLevel,15.91,15.3,107.72,7244.17,55.3,69.125,8,31.9,37,1,0,0,0,1,10,0.1,0.09,NA,NA
2019,19084,Arlington,420,4,14,Whale,2,MidLevel,15.89,15,107.96,7260.31,56.1,70.125,8.4,33.6,37,1,0,0,0,1,1,0.01,0.36,NA,NA
2019,19084,Arlington,137,1,14,Whale,3,HighLevel,16.48,16.6,109.86,7388.085,54.3,67.875,8,32.1,37,1,0,0,0,1,10,0.1,0.68,NA,NA
2019,19084,Arlington,224,2,14,Whale,3,HighLevel,17.72,16.9,117.71,7915.9975,54.7,68.375,8.5,33.9,36,1,0,0,0,0,0,0,0.51,NA,NA
2019,19084,Arlington,332,3,14,Whale,3,HighLevel,15.3,15.4,103.46,6957.685,56.7,70.875,8.7,34.9,38,1,0,0,0,0,0,0,0.11,NA,NA
2019,19084,Arlington,413,4,14,Whale,3,HighLevel,16.81,15.5,113.54,7635.565,56.4,70.5,8.2,32.6,37,1,0,0,0,1,5,0.05,0.33,NA,NA